,0,1
0,& Juliet - Martin/West Read,theater_fandoms
1,10 Ways to Survive Life in a Quarantine - Zolidis,theater_fandoms
2,10 Ways to Survive the Zombie Apocalypse - Zolidis,theater_fandoms
3,100 - The Imaginary Body - Heimann & Monaghan & Petterle,theater_fandoms
4,12 Angry Jurors - Sergel,theater_fandoms
5,13 - Brown/Elish/Horn,theater_fandoms
6,1776 - Edwards/Stone,theater_fandoms
7,1789 - バスティーユの恋人たち | 1789: Les Amants de la Bastille - Takarazuka Revue,theater_fandoms
8,1789: Les Amants de la Bastille - Various Composers/Attia & Chouquet,theater_fandoms
9,2:22 A Ghost Story - Robins,theater_fandoms
10,21 Chump Street - Miranda,theater_fandoms
11,The 25th Annual Putnam County Spelling Bee - Finn/Sheinkin/Reiss,theater_fandoms
12,Les 3 Mousquetaires - Castelli/Florence & Guirao/Cyr & Champagne,theater_fandoms
13,3 Musketiers - Bolland/Bolland,theater_fandoms
14,35mm: A Musical Exhibition - Oliver & Murphy,theater_fandoms
15,The 39 Steps - Barlow,theater_fandoms
16,The 39 Steps: A Live Radio Play - Landry,theater_fandoms
17,4.48 Psychosis - Kane,theater_fandoms
18,'40-'45 - Tura & Willaert/Blom/Van Laecke & Blom,theater_fandoms
19,7 Divines ASMR Series - Siren's Son ASMR,theater_fandoms
20,9 to 5 the Musical - Parton/Resnick,theater_fandoms
21,천사에 관하여 - 이아람/이희준 | About Angels - Lee Aram/Lee Hee-joon,theater_fandoms
22,Abraham Lincoln's Big Gay Dance Party - Loeb,theater_fandoms
23,Abused Demi Human Milo Series - MundaneFable,theater_fandoms
24,Actress Series - Foster Audios,theater_fandoms
25,Adam et Ève la Seconde Chance - Obispo/Duprez,theater_fandoms
26,Adamandi - Valentine Lee/Valentine Lee & Hornyak,theater_fandoms
27,The Adams Arc - Shapera,theater_fandoms
28,The Addams Family - Lippa/Brickman & Elice,theater_fandoms
29,Afram Latibær! | Go LazyTown! - Scheving (Plays),theater_fandoms
30,Against The World - Escaped Audios,theater_fandoms
31,Against Woman & Music! - McLean/Douglas,theater_fandoms
32,ᐊᒡᓗ | Aglu | The Breathing Hole - Murphy,theater_fandoms
33,Aida - John/Rice/Woolverton & Falls & Hwang,theater_fandoms
34,Aida - Verdi/Ghislanzoni,theater_fandoms
35,Αίας - Σοφοκλής | Ajax - Sophocles,theater_fandoms
36,悪を以って愛と成す - 萩原 | Aku wo Motte Ai to Nasu - Hagiwara,theater_fandoms
37,Al Capone - Lalanne,theater_fandoms
38,Aladdin - Menken/Ashman,theater_fandoms
39,Aladdin Jr. - Menken/Ashman & Rice & Beguelin/Beguelin,theater_fandoms
40,Alegría - Cirque du Soleil,theater_fandoms
41,Alice - Wade,theater_fandoms
42,Alice by Heart - Sheik/Sater/Sater & Nelson,theater_fandoms
43,Alice's Adventures in Wonderland - Wheeldon,theater_fandoms
44,Alice's Lover - Takarazuka Revue,theater_fandoms
45,The Aliens - Baker,theater_fandoms
46,Всё о Золушке - Паулс/Быков и Плотов | All About Cinderella - Pauls/Bykov & Plotov,theater_fandoms
47,All About Eve - Mankiewicz,theater_fandoms
48,All for One - Takarazuka Revue,theater_fandoms
49,All My Sons - Miller,theater_fandoms
50,All Shook Up - Presley/DiPietro,theater_fandoms
51,All's Well That Ends Well - Shakespeare,theater_fandoms
52,Allegiance - Kuo/Acito/Thione,theater_fandoms
53,Altar Boyz - Adler/Walker/Del Aguila,theater_fandoms
54,Amadeus - Shaffer,theater_fandoms
55,Amaluna - Cirque du Soleil,theater_fandoms
56,Amélie - Messé/Tysen/Lucas,theater_fandoms
57,American Idiot - Green Day/Armstrong,theater_fandoms
58,An American in Paris - Gershwin/Lucas,theater_fandoms
59,L'amico Fritz - Mascagni/Suardon,theater_fandoms
60,Amongst Barbarians - Wall,theater_fandoms
61,The Amulet Series - Extrovert ED,theater_fandoms
62,Обыкновенное чудо — Гладков/Ким/Шварц | An Ordinary Miracle — Gladkov/Kim/Schwartz,theater_fandoms
63,Anastasia - Flaherty/Ahrens/McNally,theater_fandoms
64,Anastasia - Maurette,theater_fandoms
65,והסושי חינם | And the Sushi's Free - ACMusical,theater_fandoms
66,And Then There Were None - Christie (Play 1943),theater_fandoms
67,अंधा युग - भारती | Andha Yug - Bharati,theater_fandoms
68,Andrea Chénier - Giordano/Illica,theater_fandoms
69,Androcles and the Lion - Shaw,theater_fandoms
70,Andromaque - Racine,theater_fandoms
71,Angels in America - Kushner,theater_fandoms
72,Ani: A Parody - Team StarKid,theater_fandoms
73,Anna Karenina - Takarazuka Revue,theater_fandoms
74,Annie - Strouse/Charnin/Meehan,theater_fandoms
75,Annie Get Your Gun - Berlin/Fields,theater_fandoms
76,Another Country - Julian Mitchell,theater_fandoms
77,Another World - Takarazuka Revue,theater_fandoms
78,Antigone - Anouilh,theater_fandoms
79,Antony and Cleopatra - Shakespeare,theater_fandoms
80,Anything For You - Allen,theater_fandoms
81,Anything Goes - Porter,theater_fandoms
82,Apologia - Campbell,theater_fandoms
83,Arcadia - Stoppard,theater_fandoms
84,Ariadne auf Naxos - Strauss/Hofmannsthal,theater_fandoms
85,Ariane et Barbe-Bleue - Dukas/Maeterlinck,theater_fandoms
86,Aristos: the Musical - Muse Lee,theater_fandoms
87,Ark 5 - Asher,theater_fandoms
88,Arms and the Man - Shaw,theater_fandoms
89,Arranged Marriage Series - Desmond ASMR,theater_fandoms
90,Arsenic and Old Lace - Kesselring,theater_fandoms
91,Art - Reza,theater_fandoms
92,The Art of Pleasing Princes - Lee/Hornyak,theater_fandoms
93,Artaserse - Pietro Metastasio,theater_fandoms
94,Artus-Excalibur - Wildhorn/Lerner/Menchell,theater_fandoms
95,As You Like It - Shakespeare,theater_fandoms
96,Ascunion - Eisenberg,theater_fandoms
97,Ashwood Grove - Will o' the Wisp Audio,theater_fandoms
98,ASMR Celebrity Personal Assistant Series | Valley Girl Series - Goodnight Moon,theater_fandoms
99,ASMR Crown Prince Teaches You to Dance at Royal Ball - Jimち ASMR | JimChi ASMR,theater_fandoms
100,ASMR Male Spider Yandere - Dark and Twisted Whisper,theater_fandoms
101,ASMR Mean Popular Girl Gives You a Makeover - Goodnight Moon,theater_fandoms
102,ASMR Soviet Interrogation Cold War Spy Roleplay - Jimち ASMR | JimChi ASMR,theater_fandoms
103,Assassins - Sondheim/Weidman,theater_fandoms
104,刺秦 - 徒有琴 | Assassins - Tú Yǒuqín,theater_fandoms
105,Aterui - Takarazuka Revue,theater_fandoms
106,Atlantis - Spies/Høg & Svanekier,theater_fandoms
107,An Atompunk Opera: The New Albion Guide to Analogue Consciousness - Shapera,theater_fandoms
108,The Atrocity Series - Scythe Audio,theater_fandoms
109,Attila - Verdi/Solera,theater_fandoms
110,Auld England Series - Jimち ASMR | JimChi ASMR,theater_fandoms
111,Av. Larco: El Musical - Tondero Producciones,theater_fandoms
112,Avenue Jew - Lopez/Marx,theater_fandoms
113,Avenue Q - Lopez/Marx,theater_fandoms
114,Axel Series - Reverie Audios,theater_fandoms
115,瑠璃色の刻 | Azure Moment - Takarazuka Revue,theater_fandoms
116,Babblebrook Series - Goodnight Moon,theater_fandoms
117,Bacchae - Euripides,theater_fandoms
118,Back to Back - Asai,theater_fandoms
119,Back to the 80s - Various/Various/Gooding & Smith,theater_fandoms
120,Back to the Future: The Musical - Silvestri & Ballard/Gale & Zemeckis,theater_fandoms
121,Bad Auditions by Bad Actors - McWethy,theater_fandoms
122,Bad Cinderella - Lloyd Webber,theater_fandoms
123,Bad Queers: The Musical - Stump,theater_fandoms
124,BADDY - Takarazuka Revue,theater_fandoms
125,The Ballad of Lost Hollow - Shapera,theater_fandoms
126,Balladyna - Słowacki,theater_fandoms
127,Un Ballo in Maschera | A Masked Ball - Verdi/Somma,theater_fandoms
128,The Band's Visit - Yazbek/Moses,theater_fandoms
129,Bandstand - Oberacker/Oberacker & Taylor,theater_fandoms
130,蛮幽鬼 - 中島かずき | Banyuuki - Nakashima Kazuki,theater_fandoms
131,Bara no Fuuin | Seal of Roses - Takarazuka Revue,theater_fandoms
132,Il barbiere di Siviglia | The Barber of Seville - Rossini/Sterbini,theater_fandoms
133,bare: A Pop Opera - Hartmere/Intrabartolo,theater_fandoms
134,Barnum - Coleman/Stewart/Bramble,theater_fandoms
135,Bartender x Listener. A Spicy Late Night Out~? - Azeru Official,theater_fandoms
136,Baskerville: A Sherlock Holmes Mystery - Ludwig,theater_fandoms
137,Bastards VS Zombies! - Good Boy Audios,theater_fandoms
138,Bat Boy: The Musical - O'Keefe/Farley/Flemming,theater_fandoms
139,Bat Out Of Hell: The Musical - Steinman,theater_fandoms
140,La Bayadère,theater_fandoms
141,Be More Chill - Iconis/Tracz,theater_fandoms
142,Медведь - Чехов | The Bear - Chekhov,theater_fandoms
143,Beast of Charity - West Ferris Theatre Group,theater_fandoms
144,The Beatles LOVE - Cirque du Soleil,theater_fandoms
145,Beautiful: The Carole King Musical - King & Various/McGrath,theater_fandoms
146,Beauty and the Beast - Menken/Ashman & Rice/Woolverton,theater_fandoms
147,Becket - Anouilh,theater_fandoms
148,Becoming Nancy - Stiles/Drewe/Davis,theater_fandoms
149,Beetlejuice - Perfect/Brown & King,theater_fandoms
150,The Beggar's Opera - Pepusch/Gay,theater_fandoms
151,Beirut - Browne,theater_fandoms
152,The Belle's Stratagem - Cowley,theater_fandoms
153,Bells are Ringing - Styne/Comden & Green,theater_fandoms
154,Beloved King: A Queer Bible Musical - Sylvan,theater_fandoms
155,Ben and Imo - Ravenhill,theater_fandoms
156,Benedikt Búálfur - Þorvaldsson/Gylfadóttir/Guðlaugsson,theater_fandoms
157,Bent - Sherman,theater_fandoms
158,Der Besuch der alten Dame | The Visit - Dürrenmatt,theater_fandoms
159,Der Besuch der alten Dame | The Visit - Schneider & Reed/Hofer/Struppeck,theater_fandoms
160,Betrayal - Pinter,theater_fandoms
161,Betweenity - Price,theater_fandoms
162,The Big BOOM Theory - Gold Fever Follies,theater_fandoms
163,Billy Budd - Britten/Forster & Crozier,theater_fandoms
164,Billy Elliot: The Musical - Elton John/Hall,theater_fandoms
165,Birmingham Hippodrome Robin Hood Pantomine,theater_fandoms
166,The Birthday Party - Pinter,theater_fandoms
167,Bishoujo Senshi Sailor Moon | Pretty Guardian Sailor Moon,theater_fandoms
168,Bishoujo Senshi Sailor Moon | Pretty Guardian Sailor Moon (Musicals),theater_fandoms
169,Bittersummer: A New Musical - Emerick & The Brother Brothers/Smith,theater_fandoms
170,BitterSweet Series - YuuriVoice,theater_fandoms
171,Black Coffee - Christie,theater_fandoms
172,Black Mary Poppins - 서윤미 | Seo Younmi,theater_fandoms
173,The Black Suits - Iconis,theater_fandoms
174,Black Watch - Gregory Burke,theater_fandoms
175,Blazing Guns at Roaring Gulch - Fendrich,theater_fandoms
176,Blithe Spirit - Coward,theater_fandoms
177,Blood Brothers - Russell,theater_fandoms
178,Bloody Bloody Andrew Jackson - Friedman/Timbers,theater_fandoms
179,Blue Infinity Series - Escaped Audios,theater_fandoms
180,La bohème - Puccini/Illica/Giacosa,theater_fandoms
181,The Bold the Young and the Murdered - Zolidis,theater_fandoms
182,Bonnie & Clyde - Wildhorn/Black/Menchell,theater_fandoms
183,The Book of Mormon - Parker/Stone/Lopez,theater_fandoms
184,Born With Teeth - Adams,theater_fandoms
185,Boss Series - YuuriVoice,theater_fandoms
186,The Boys in the Band - Crowley (Broadway 2018),theater_fandoms
187,The Brat Pack - For The Record,theater_fandoms
188,Brigadoon - Loewe/Lerner,theater_fandoms
189,Bright Lights Big City - Goodman,theater_fandoms
190,Bright Star - Brickell/Martin,theater_fandoms
191,Bring It On - Miranda & Kitt/Green & Miranda/Whitty,theater_fandoms
192,Broadway Whodunit: All Hallows' Eve - Feldman,theater_fandoms
193,Broadway Whodunit: Escape From Camp Eerie - Feldman,theater_fandoms
194,Broadway Whodunit: Murder at Montgomery Manor - Feldman,theater_fandoms
195,断桥 - 祁/田 | The Broken Bridge - Qí/Tián,theater_fandoms
196,Bromance: The Dudesical - Ewalt/Walker & Ewalt/Walker,theater_fandoms
197,A Bronx Tale - Menken/Slater/Palminteri,theater_fandoms
198,Brooklynite - Lerman/Lerman & Mayer,theater_fandoms
199,브라더스 까라마조프 - 이진욱/김경주 | The Brothers Karamazov - Lee Jin Wook/Kim Kyung Ju,theater_fandoms
200,カラマーゾフの兄弟 | The Brothers Karamazov - Takarazuka Revue,theater_fandoms
201,The Browning Version - Rattigan,theater_fandoms
202,Bull Man Series - Siren's Son ASMR,theater_fandoms
203,Buried Child - Shepherd,theater_fandoms
204,Burn This - Wilson,theater_fandoms
205,The Burnt City - Punchdrunk,theater_fandoms
206,The Burnt Part Boys - Miller/Tysen/Elder,theater_fandoms
207,梁山伯与祝英台 | Butterfly Lovers (Opera),theater_fandoms
208,Bye Bye Birdie - Stewart/Adams/Strouse,theater_fandoms
209,Cabaret - Kander/Ebb,theater_fandoms
210,La Cage aux Folles - Herman/Fierstein,theater_fandoms
211,The Caine Mutiny Court-Martial - Wouk,theater_fandoms
212,Calamity Jane - Fain/Webster/Hanmer & Park,theater_fandoms
213,Caligula - Camus,theater_fandoms
214,Camelot - Loewe/Lerner,theater_fandoms
215,Canaria - Takarazuka Revue,theater_fandoms
216,La Cantatrice chauve | The Bald Soprano - Ionesco,theater_fandoms
217,Le capitaliste - Cros,theater_fandoms
218,CAPTAIN NEMO - Takarazuka Revue,theater_fandoms
219,The Car Man - Bourne,theater_fandoms
220,The Caretaker - Pinter,theater_fandoms
221,Carmen - Bizet/Halévy & Meilhac,theater_fandoms
222,Carnival! - Merrill/Stewart,theater_fandoms
223,Carousel - Rodgers/Hammerstein,theater_fandoms
224,Carrie: The Musical - Gore/Pritchard/Cohen,theater_fandoms
225,La casa de Bernarda Alba | The House of Bernarda Alba - García Lorca,theater_fandoms
226,Casanova - Takarazuka Revue,theater_fandoms
227,The Castle - 김승진 & 허수현/김선미 | Kim Seungjin & and Heo Suhyun/Kim Sunmi,theater_fandoms
228,Cat on a Hot Tin Roof - Williams,theater_fandoms
229,Catch Me If You Can - Shaiman/Wittman/McNally,theater_fandoms
230,Cats - Andrew Lloyd Webber,theater_fandoms
231,Cavalleria rusticana - Mascagni/Targioni-Tozzetti & Menasci,theater_fandoms
232,La Cenerentola - Rossini/Ferretti,theater_fandoms
233,チェーザレ 破壊の創造者 - 島/荻田 | Cesare: Il Creatore che ha distrutto - Shima/Ogita,theater_fandoms
234,CHaCK-UP ~The Targeted Planet~ - 亀田 | Kameda,theater_fandoms
235,Chameleon the Musical - Nang/Will & Nang/Villegas & Will,theater_fandoms
236,Chaos Before Battle - McCourt,theater_fandoms
237,Charlie and the Chocolate Factory - Shaiman/Shaiman & Wittman/Greig,theater_fandoms
238,Чашка чорної кави - Василько | Chashka chornoy kavi - Vasylko,theater_fandoms
239,陈三两 | Chen Sanliang (Opera),theater_fandoms
240,Chess - Rice/Ulvaeus/Andersson,theater_fandoms
241,Chicago - Kander & Ebb & Fosse,theater_fandoms
242,Childhood Friend series - KV VA,theater_fandoms
243,Children of a Lesser God - Medoff,theater_fandoms
244,Children of Eden - Schwartz,theater_fandoms
245,The Children's Hour - Hellman,theater_fandoms
246,A Chorus Line - Hamlisch/Klebin/Kirkwood & Dante,theater_fandoms
247,Christmas Carol 2: Boxing Day - Pearse/Hudson,theater_fandoms
248,Chronus Seven Series - Escaped Audios,theater_fandoms
249,CIA Agent Puts You To Sleep ASMR Roleplay - Jimち ASMR | JimChi ASMR,theater_fandoms
250,Le Cid - Corneille,theater_fandoms
251,Cinderella - Nathan-Turner (Play 1982),theater_fandoms
252,Cinderella - Rodgers/Hammerstein/Beane,theater_fandoms
253,Cinderella's Castle - Team Starkid,theater_fandoms
254,Circle Mirror Transformation - Baker,theater_fandoms
255,The City Wolf and the Country Lamb Series - Nomads Tales & Audios,theater_fandoms
256,The Civil War - Wildhorn/Murphy/Boyd & Wildhorn,theater_fandoms
257,The CiviliTy of Albert Cashier - Stevens & Wooden/Deratany,theater_fandoms
258,Cleansed - Kane,theater_fandoms
259,La Clemenza di Tito | The Clemency of Titus - Mozart/Mazzolà/Metastasio,theater_fandoms
260,Clinton: The Musical - Hodge/Hodge & Hodge,theater_fandoms
261,The Clockmaker's Daughter - Webborn/Finn,theater_fandoms
262,Club SLAZY - Miura & Ise,theater_fandoms
263,Clue (High School Edition) - Lynn & Rustin,theater_fandoms
264,Clue | Cluedo - All Media Types,theater_fandoms
265,Clue The Musical - Blum & Barker & Martucci/Chiodo/DePietro,theater_fandoms
266,Clue: On Stage - Ruskin,theater_fandoms
267,Clue: The Musical,theater_fandoms
268,The Coast of Utopia - Stoppard,theater_fandoms
269,Cocky friend helps you with a Boy problem - YSF,theater_fandoms
270,CODE HERO - Takarazuka Revue,theater_fandoms
271,Code Purple: A Top Secret Musical - Purple Side,theater_fandoms
272,The Collection - Pinter,theater_fandoms
273,The Color Purple - Russell & Willis & Bray/Norman,theater_fandoms
274,Come From Away - Sankoff & Hein,theater_fandoms
275,The Comedy About a Bank Robbery - Lewis & Sayer & Shields,theater_fandoms
276,Comedy of Errors - Shakespeare,theater_fandoms
277,Commedia dell'arte - Anonymous,theater_fandoms
278,The Commitments - Various/Doyle (Play),theater_fandoms
279,Company - Sondheim/Furth,theater_fandoms
280,Compleat Female Stage Beauty - Harris,theater_fandoms
281,Concord Floral - Tannahill,theater_fandoms
282,A Connecticut Yankee in King Arthur's Court (Stage Play),theater_fandoms
283,Containment Breach Series - Dark and Twisted Whisper,theater_fandoms
284,Les Contes d'Hoffman - Offenbach/Barbier,theater_fandoms
285,The Convent of Pleasure - Cavendish,theater_fandoms
286,Copenhagen - Frayn,theater_fandoms
287,Coppélia - Delibes,theater_fandoms
288,Coriolanus - Shakespeare,theater_fandoms
289,Corteo - Cirque du Soleil,theater_fandoms
290,Così fan tutte - Mozart/Da Ponte,theater_fandoms
291,モンテ・クリスト伯 | The Count of Monte Cristo - Takarazuka Revue,theater_fandoms
292,The Count of Monte Cristo - Wildhorn/Murphy,theater_fandoms
293,Граф Орлов - Игнатьев/Ким | Count Orlov - Ignatiev/Kim,theater_fandoms
294,Crazy For You - Ludwig/Gershwin,theater_fandoms
295,Преступление и наказание - Артемьев/Ряшенцев | Crime and Punishment - Artemyev/Ryashentsev,theater_fandoms
296,Criminal Improv Series - Criminal Improv Comedy,theater_fandoms
297,The Crucible - Miller,theater_fandoms
298,Cryptid Conspiracy: The Lost Episode - University of Montevallo Purple Side,theater_fandoms
299,Die Csárdásfürstin | The Gypsy Princess - Kalman/Stein/Jenbach,theater_fandoms
300,Csínom Palkó - Farkas/Dékany/Lőrinczy,theater_fandoms
301,Cuba & His Teddy Bear - Povod,theater_fandoms
302,Cuddles with the Countess ASMR Roleplay - Dangerous ASMR,theater_fandoms
303,The Curious Savage - Patrick,theater_fandoms
304,Curtains - Kander/Ebb/Holmes,theater_fandoms
305,The Customer is Always Wrong - McWethy,theater_fandoms
306,Cute Boyfriend Series - ZSakuVA,theater_fandoms
307,Cyberpunk ASMR - EpicASMR,theater_fandoms
308,Cymbeline - Shakespeare,theater_fandoms
309,Cymbeline Refinished - Shaw,theater_fandoms
310,Cyrano de Bergerac - Edmond Rostand,theater_fandoms
311,Cyrano de Bergerac: In a Free Adaptation - Crimp,theater_fandoms
312,Damn Yankees - Adler/Ross/Abbott/Wallop,theater_fandoms
313,Les Damnés - Visconti & Badalucco & Medioli,theater_fandoms
314,Dance Nation - Barron,theater_fandoms
315,Dance Olympia - Takarazuka Revue,theater_fandoms
316,Dancing at Lughnasa - Friel,theater_fandoms
317,The Dangerous Brothers - Mayall & Edmondson,theater_fandoms
318,Dangerous Corner - Priestley,theater_fandoms
319,黒い瞳 | Dark Brown Eyes - Takarazuka Revue,theater_fandoms
320,The Dark Prince Series - Angels&Bread ASMR,theater_fandoms
321,다윈 영의 악의 기원 - 박천휘/이희준/이희준 & 박지리 | Darwin Young: Origin of Evil - Park C/Lee H/Lee H & Park Ji-Ri,theater_fandoms
322,Dastardly Deeds at Yoursin Mine - Fridell,theater_fandoms
323,Davis & McQuillan - Davis/McQuillan,theater_fandoms
324,ソルフェリーノの夜明け | The Dawn at Solferino - Takarazuka Revue,theater_fandoms
325,Дни Турбиных - Булгаков | The Day of the Turbins - Bulgakov,theater_fandoms
326,Dead Man's Party - Six Flags,theater_fandoms
327,The Deadly Hour - Eric,theater_fandoms
328,Dear England - Graham,theater_fandoms
329,Dear Evan Hansen - Pasek & Paul/Levenson,theater_fandoms
330,Dear World - Herman/Lawrence/Lee,theater_fandoms
331,Death by Chocolate - French,theater_fandoms
332,Death Note: The Musical - Wildhorn/Murphy,theater_fandoms
333,Death of a Salesman - Miller,theater_fandoms
334,Deathtrap - Levin,theater_fandoms
335,Deep Love - Hayes & Sherwood,theater_fandoms
336,Demon King Forces You To Submit Yourself To Him - HydroKingVA,theater_fandoms
337,더데빌 - 우디박 & 이지혜/이지나 | The Devil - Woody Park & Gihieh Lee/Gina Lee,theater_fandoms
338,The Devil Gets All The Best Tunes - Pearse/Ferguson,theater_fandoms
339,Di and Viv and Rose - Bullmore,theater_fandoms
340,Dial M for Murder - Knott,theater_fandoms
341,Dialogues des Carmélites | Dialogues of the Carmelites - Poulenc,theater_fandoms
342,The Dialogues of Leopold and Loeb - Walton,theater_fandoms
343,リッツ・ホテルくらいに大きなダイヤモンド | The Diamond as Big as the Ritz - Hasegawa & Teshima/Kimura/Fitzgerald,theater_fandoms
344,貂蝉 | Diao Chan (Opera),theater_fandoms
345,The Diaries of Netovicius the Vampire - Hugo Pierre Martin,theater_fandoms
346,The Diary of a Nobody - Pearse/Finnemore,theater_fandoms
347,The Diary of a Provincial Lady - Hudson/Pearse,theater_fandoms
348,Dido and Aeneas - Purcell/Tate,theater_fandoms
349,ディミトリ～曙光に散る紫の花～ | Dimitri ~Purple Flowers Scattering at Daybreak~ - Takarazuka Revue,theater_fandoms
350,Dinner At Eight Dead By Nine - Druce,theater_fandoms
351,Dirty Rotten Scoundrels - Yazbek/Lane,theater_fandoms
352,Disco Inferno - Various/Sepple,theater_fandoms
353,The Diviners - Jim Leonard Jr.,theater_fandoms
354,Les Dix Commandements - Obispo/Florence & Guirao,theater_fandoms
355,DNA - Kelly,theater_fandoms
356,嗜血博士 - 顾易/纪赢/沈旭飞 | Doctor - Gù Yì/Jì Yíng/Chén Xùfēi,theater_fandoms
357,Doctor Faustus - Christopher Marlowe,theater_fandoms
358,Doctor Who: Time Fracture (Stage Play),theater_fandoms
359,Doctor Zhivago - Simon/Korie & Powers/Weller,theater_fandoms
360,Dog Sees God: Confessions of a Teenage Blockhead - Royal,theater_fandoms
361,髑髏城の七人 | Dokuro-Jo no Shichinin | Seven Souls in Skull Castle,theater_fandoms
362,The Dolls of New Albion: A Steampunk Opera - Shapera,theater_fandoms
363,Dom Juan - Molière,theater_fandoms
364,Don Carlos | Don Carlo - Verdi/du Locle/Méry,theater_fandoms
365,Don Giovanni - Mozart/Da Ponte,theater_fandoms
366,Don Juan - Gray,theater_fandoms
367,Don Juan - Takarazuka Revue,theater_fandoms
368,Don Juan in Soho - Marber,theater_fandoms
369,Don Karlos: Infant von Spanien | Don Carlos - Friedrich Schiller,theater_fandoms
370,Don Pasquale - Donizetti/Ruffini,theater_fandoms
371,Don Quixote (Ballet),theater_fandoms
372,Don't Stop Me - Malloy/Knight,theater_fandoms
373,Dorian Gray - Bourne,theater_fandoms
374,Dorian Gray - 김문정/이지나/조용신 | Kim Moon-jeong/Lee Gi-na/Cho Yong-shin,theater_fandoms
375,Dorms: The Musical - Sunway Theatre Club,theater_fandoms
376,どろろ - 西田 | Dororo - Nishida,theater_fandoms
377,双枰记 - 朱虹璇 & 叶紫铃 | Double Dual - Zhū Hóngxuán & Yè Zǐling,theater_fandoms
378,Dracula - Deane & Balderston,theater_fandoms
379,Dracula the Musical - Wildhorn/Black & Hampton,theater_fandoms
380,Dracula: Entre l'amour et la mort - Leclerc/Tabra/Ouzounian & Pelletier,theater_fandoms
381,Dracula: l'amour plus fort que la mort - Ouali,theater_fandoms
382,Дракон - Шварц | The Dragon - Schwartz,theater_fandoms
383,龍星 | The Dragon Star - Takarazuka Revue,theater_fandoms
384,Dralion - Cirque du Soleil,theater_fandoms
385,The Dream Engine - Steinman,theater_fandoms
386,如夢之夢 - 賴 | A Dream Like a Dream - Lai,theater_fandoms
387,红楼梦 | Dream of the Red Chamber (Opera),theater_fandoms
388,Dreamland - Miller/Tysen,theater_fandoms
389,Die Dreigroschenoper | Threepenny Opera - Brecht/Weill,theater_fandoms
390,Drinking Habits Series - Smith,theater_fandoms
391,Ett drömspel | A Dream Play - Strindberg,theater_fandoms
392,Drood - Holmes,theater_fandoms
393,Drot og marsk | King and Marshal - Heise/Richardt,theater_fandoms
394,The Drowsy Chaperone - Lambert & Morrison/Martin & McKellar,theater_fandoms
395,The Duchess of Malfi - Webster,theater_fandoms
396,Et dukkehjem | A Doll's House - Henrik Ibsen,theater_fandoms
397,The Dullahan's Chronicle - Nomads Tales & Audios,theater_fandoms
398,Dust and Ruin - Meerbach,theater_fandoms
399,Dyseheart - Eglinton,theater_fandoms
400,Dziady | Forefather's Eve - Mickiewicz,theater_fandoms
401,Eager To Lose - Erlbach,theater_fandoms
402,Eat the Rich - Alexander J. Newall,theater_fandoms
403,Eddie Izzard - Standup Routines,theater_fandoms
404,Edward II - Marlowe,theater_fandoms
405,Edward III - Shakespeare,theater_fandoms
406,Der Eierwurf von Halle: Das Musical - ZDF Magazin Royale,theater_fandoms
407,День выборов - Несчастный случай/Квартет И | Election Day - Neschastny Sluchai/Kvartet I,theater_fandoms
408,Electra - Giraudoux,theater_fandoms
409,Electra - Sophocles,theater_fandoms
410,Elf Prince Series - MasterMissyASMR,theater_fandoms
411,Elf Series | Eleutheria Saga - Jimち ASMR | JimChi ASMR,theater_fandoms
412,Elisabeth - Levay/Kunze,theater_fandoms
413,Elisabeth - Takarazuka Revue,theater_fandoms
414,Elisabeth (Színház),theater_fandoms
415,Emilia Galotti - Lessing,theater_fandoms
416,Emojiland - Harrison & Schein,theater_fandoms
417,Employees Must Wash Hands... Before Murder - Zolidis,theater_fandoms
418,甄嬛 | Empresses in the Palace (Opera),theater_fandoms
419,En Attendant Godot | Waiting for Godot - Beckett,theater_fandoms
420,End Days - Laufer,theater_fandoms
421,End of the Line - Cox/Townsley,theater_fandoms
422,Endgame - Samuel Beckett,theater_fandoms
423,Enter the Revue - Takarazuka Revue,theater_fandoms
424,Die Entführung aus dem Serail - Mozart/Stephanie & Bretzner,theater_fandoms
425,EQUAL - 팩우디/김수빈 | Equal - Woody Pak/Soovin Kim,theater_fandoms
426,Equus - Peter Shaffer,theater_fandoms
427,Ernani - Verdi/Piave,theater_fandoms
428,Ernest in Love - Takarazuka Revue,theater_fandoms
429,Estate of George Romero v. Ashley Williams - Grode & Kaufman,theater_fandoms
430,L'État de Siège | The State of Siege - Camus,theater_fandoms
431,Евгений Онегин | Eugene Onegin - Aleksandr Pushkin,theater_fandoms
432,Евгений Онегин | Eugene Onegin - All Media Types,theater_fandoms
433,Евгений Онегин | Eugene Onegin - Tchaikovsky,theater_fandoms
434,Eurydice - Ruhl,theater_fandoms
435,Evangeline - Dykstra,theater_fandoms
436,Ever After - Goldrich/Heisler,theater_fandoms
437,Everybody's Talking About Jamie - Dan Gillespie Sells/Tom MacRae,theater_fandoms
438,Everything But the Brain - Tay,theater_fandoms
439,Evil Dead: The Musical,theater_fandoms
440,Evita - Webber/Rice,theater_fandoms
441,Extinction - Rayson,theater_fandoms
442,Émilie Jolie - Chatel,theater_fandoms
443,耳洞店内 - 中央戏剧学院 | Ěr Dòng Diàn Nèi - The Central Academy of Drama,theater_fandoms
444,Failure: a Love Story - Dawkins,theater_fandoms
445,A Fairy Tale - Takarazuka Revue,theater_fandoms
446,Fairy Tales for Homeless Faeries - Shapera,theater_fandoms
447,Fairycakes - Beane,theater_fandoms
448,The Fairypunk Series - Shapera,theater_fandoms
449,Fall of The Titans (Superhero Series) - PebblesASMR,theater_fandoms
450,Falsettos - Lapine/Finn,theater_fandoms
451,Fame: The Musical - Margoshes/Levy/Fernandez,theater_fandoms
452,The Famous Victories of Henry V - Anonymous (Play),theater_fandoms
453,Fan Letter - 한재은/박현숙 | Park Hyun Suk/Han Jae Eun,theater_fandoms
454,幡灵迷境 - 国岐 & 李扬 | Fān Líng Mí Jìng - Guó Qí & Lǐ Yáng,theater_fandoms
455,La Fanciulla del West | The Girl of the Golden West - Puccini/Civinini & Zangarini,theater_fandoms
456,FANGIRLS - Blake,theater_fandoms
457,Fanny Whittington - Lashings of Ginger Beer Time (Pantomime),theater_fandoms
458,The Fantasticks - Schmidt/Jones,theater_fandoms
459,Le Fantôme de l'Opéra | Phantom of the Opera - Gaston Leroux,theater_fandoms
460,Le Fantôme de l'Opéra | Phantom of the Opera & Related Fandoms,theater_fandoms
461,Farsa de Inês Pereira - Gil Vicente,theater_fandoms
462,Faust - Gounod/Barbier,theater_fandoms
463,Faust - Johann Wolfgang von Goethe,theater_fandoms
464,Fellow Travelers - Spears/Pierce,theater_fandoms
465,Fellowship! - Simpson/Various/Holden-Bashar,theater_fandoms
466,Les Feluettes | Lilies - Michel Marc Bouchard,theater_fandoms
467,The Female Odd Couple - Simon,theater_fandoms
468,Fences - Wilson,theater_fandoms
469,The Ferryman - Butterworth,theater_fandoms
470,פסטיגל | Festigal RPF,theater_fandoms
471,Festival Escolar Sugar Club - Sugar Club Maid Café,theater_fandoms
472,The Fiction - 정혜진/성재현 | Jeong Hye Jin/Sung Jae Hyun,theater_fandoms
473,Fiddler on the Roof - Bock/Harnick/Stein,theater_fandoms
474,The Fight - Vincent V. Cava,theater_fandoms
475,Finding Nemo: The Musical - Lopez & Anderson-Lopez,theater_fandoms
476,A Fine Upstanding Lad - Mulligan/McCarl,theater_fandoms
477,Финрод-Зонг - Бочарова & Воробьева | Finrod-Zong - Bocharova & Vorobyova,theater_fandoms
478,Firebringer - Team StarKid,theater_fandoms
479,First Date - Weiner/Zachary/Winsberg,theater_fandoms
480,First Person Shooter - Zolidis,theater_fandoms
481,The Fix - Rowe/Dempsey,theater_fandoms
482,Flakes! - Higgins & Jacobson,theater_fandoms
483,FLAMES: A Musical Thriller - Dolginoff,theater_fandoms
484,Die Fledermaus - Strauss II/Haffner/Genée,theater_fandoms
485,The Flick - Baker,theater_fandoms
486,Der fliegende Holländer | The Flying Dutchman - Wagner,theater_fandoms
487,Бег - Булгаков | Flight - Bulgakov,theater_fandoms
488,Florencia en el Amazonas - Catán/Fuentes-Berain,theater_fandoms
489,花儿与号手 - 温 & 刘/张 | The Flower and The Trumpeter - Wēn & Liú/Zhāng,theater_fandoms
490,Floyd Collins - Landau/Guettel,theater_fandoms
491,Flying Sapa - Takarazuka Revue,theater_fandoms
492,En folkefiende | An Enemy of the People - Henrik Ibsen,theater_fandoms
493,Follies - Sondheim/Goldman,theater_fandoms
494,Footloose - Snow/Pitchford/Pitchford & Bobbie,theater_fandoms
495,For All the Lovesick Mad Sad Geniuses - Anyanwu,theater_fandoms
496,Forever Plaid - Various/Ross,theater_fandoms
497,Fortinbras - Blessing,theater_fandoms
498,La Forza del Destino - Verdi/Piave,theater_fandoms
499,Foul Play - Feldman & Various,theater_fandoms
500,Four Dogs and a Bone - Shanley,theater_fandoms
501,The Fourseen Series - Good Boy Audios,theater_fandoms
502,The Fourth Messenger - Teng/Shaffer,theater_fandoms
503,Frankenstein - Nick Dear,theater_fandoms
504,Frankenstein (Ballet),theater_fandoms
505,Frankenstein and the Sharks of Doom - Hudson/Pearse,theater_fandoms
506,Frankenstein: A New Musical - Baron/Jackson,theater_fandoms
507,Freaky Friday - Kitt/Kitt & Yorkey/Carpenter,theater_fandoms
508,Frei Luís de Sousa - Garrett,theater_fandoms
509,Der Freischütz - Weber/Kind,theater_fandoms
510,Frénésie à Pigalle | A Farce in Pigalle - Takarazuka Revue,theater_fandoms
511,Fright Fest - Six Flags,theater_fandoms
512,From Here to Eternity - Brayson & Rice/Oakes,theater_fandoms
513,Frozen - Anderson-Lopez & Lopez/Lee,theater_fandoms
514,Frozen - Bryony Lavery,theater_fandoms
515,Frühlings Erwachen | Spring Awakening - Frank Wedekind,theater_fandoms
516,Full Moon Reverie - YuuriVoice,theater_fandoms
517,Fun Home - Tesori/Kron,theater_fandoms
518,Galileo - Ledecký,theater_fandoms
519,Gang Lord's Son Series - ZSakuVA,theater_fandoms
520,Garfield: The Musical - Cornelius II/Davis & Bobbitt,theater_fandoms
521,Gator Boys Series - Obsidian Lantern ft. Various,theater_fandoms
522,月下燦然ノ星 | Gekka Sanzen no Hoshi - GEKIIKE,theater_fandoms
523,A Gentleman's Guide to Love and Murder - Lutvak/Freedman,theater_fandoms
524,Gewoon Super - Veenhoven & Geboers/Thuijls,theater_fandoms
525,Ghost Hunter Series - HeyLoverBugVA,theater_fandoms
526,Ghost Quartet - Malloy,theater_fandoms
527,銀の狼 | Gin no Ookami | Silver Wolf - Takarazuka Revue,theater_fandoms
528,Un giorno di regno - Verdi/Romani,theater_fandoms
529,Giselle (Ballet),theater_fandoms
530,Giulietta e Romeo - Cocciante/Panella,theater_fandoms
531,Giulio Cesare in Egitto - Händel/Haym,theater_fandoms
532,The Glass Menagerie - Williams,theater_fandoms
533,Glenwood Series - Castle Audios,theater_fandoms
534,사의찬미 - 김은영/성종완 | Gloomy Day 19260804 - Kim Eunyoung/Seong Jongwan,theater_fandoms
535,音乐剧杨戬 - 张博/孙浩程&薛敏&和晓维/孙浩程&陶倩妮&薛敏 | God of War - Zhāng/Sūn & Xuē & Hé/Sūn & Táo & Xuē (Musical),theater_fandoms
536,여신님이 보고 계셔 - 이선영/한정석 | The Goddess is Watching - Lee Seonyeong/Han Jeongseok,theater_fandoms
537,Godspell - Schwartz,theater_fandoms
538,ごがくゆう | Gogakuyuu,theater_fandoms
539,金色の砂漠 | Golden Desert - Takarazuka Revue,theater_fandoms
540,Gondoliers or The King of Barataria - Sullivan/Gilbert,theater_fandoms
541,Gone Tomorrow - 최종윤/이지나/오태석의 | Choi Jong-yoon/Lee Jina/O Taeseok,theater_fandoms
542,Good Faith Forever - Madeon,theater_fandoms
543,Good Omens - Hare/Moody/Larnach,theater_fandoms
544,Goodbye Paris - Roby/Ledoux,theater_fandoms
545,Goosebumps the Musical: Phantom of the Auditorium - Abosch/Abosch & Maclay/Maclay,theater_fandoms
546,The Gospel According to Oxyrhincus - Barba,theater_fandoms
547,Got fun Nekomeh | God of Vengeance - Asch,theater_fandoms
548,Ревизор - Гоголь | The Government Inspector - Gogol,theater_fandoms
549,The Grand Duke - Sullivan/Gilbert,theater_fandoms
550,Grand Hotel - Takarazuka Revue,theater_fandoms
551,Grand Hotel - Wright & Forrest & Yesto/Davis,theater_fandoms
552,Grease - Jacobs & Casey & Farrar,theater_fandoms
553,The Great Gatsby - Howland/Tysen/Kerrigan,theater_fandoms
554,碧玉簪 | The Green Jade Hairpin (Opera),theater_fandoms
555,The Grinning Man - Philips & Teitler/Grose & Morris & Philips & Teitler/Grose,theater_fandoms
556,Groan Ups - Lewis & Sayer & Shields,theater_fandoms
557,Groundhog Day - Minchin/Rubin,theater_fandoms
558,Der Grüne Tisch | The Green Table (Ballet),theater_fandoms
559,Guillaume Tell - Rossini/de Jouy/Bis | William Tell - Rossini/de Jouy/Bis,theater_fandoms
560,Guys and Dolls - Loesser/Swerling/Burrows,theater_fandoms
561,Guys and Dolls - Takarazuka Revue,theater_fandoms
562,Gypsy - Laurents/Sondheim,theater_fandoms
563,H.M.S. Pinafore - Sullivan/Gilbert,theater_fandoms
564,Hadestown - Mitchell,theater_fandoms
565,Hair - MacDermot/Rado/Ragni,theater_fandoms
566,Hair - MacDermot/Rado/Ragni (Broadway) Cast RPF,theater_fandoms
567,Hairspray - Shaiman/Wittman & Shaiman/O'Donnell & Meehan,theater_fandoms
568,El Halcón - Takarazuka Revue,theater_fandoms
569,Halcyon: After School Hours - MASCKS,theater_fandoms
570,Half a Sixpence - Heneker/Cross,theater_fandoms
571,HalloWeekends - Cedar Point,theater_fandoms
572,Hamilton - Miranda,theater_fandoms
573,Hamlet - Shakespeare,theater_fandoms
574,HAMLET!! - Takarazuka Revue,theater_fandoms
575,Hand To God - Askins,theater_fandoms
576,The Hard Problem - Stoppard,theater_fandoms
577,Die Harmonie der Welt | The Harmony of the World - Hindemith,theater_fandoms
578,Harry Potter and the Cursed Child - Thorne & Rowling,theater_fandoms
579,Hatchetfield Series - Team StarKid,theater_fandoms
580,Head Over Heels - The Go-Go's/Whitty,theater_fandoms
581,Heartless The Musical - Robbins/Thomas,theater_fandoms
582,Heathers: The Musical - Murphy & O'Keefe,theater_fandoms
583,Hedda Gabler - Ibsen,theater_fandoms
584,Hedwig and the Angry Inch - Trask/Mitchell,theater_fandoms
585,Heist Quest - Schwab,theater_fandoms
586,Ἑλένη - Ευριπίδης | Helen - Euripides,theater_fandoms
587,Hello Dolly! - Herman,theater_fandoms
588,Helping a Bastard Warrior Series - Good Boy Audios,theater_fandoms
589,Henry IV - Shakespeare,theater_fandoms
590,Henry V - Shakespeare,theater_fandoms
591,Henry VI - Shakespeare,theater_fandoms
592,Henry VIII - Shakespeare,theater_fandoms
593,Herakles - Euripides,theater_fandoms
594,はいからさんが通る｜Here Comes Miss. Modern - Takarazuka Revue,theater_fandoms
595,Hernani; ou l'Honneur castillan - Hugo,theater_fandoms
596,High Fidelity - Kitt/Green/Lindsay-Abaire,theater_fandoms
597,History Boys - All Media Types,theater_fandoms
598,History Boys - Bennett,theater_fandoms
599,打金枝 | Hitting the Princess (Opera),theater_fandoms
600,Holiday in the Park - Six Flags Fiesta Texas,theater_fandoms
601,Holiday Inn - Berlin/Greenberg & Hodge,theater_fandoms
602,Hollywood Gossip - Takarazuka Revue,theater_fandoms
603,Holy Musical B@man - Team StarKid,theater_fandoms
604,The Homecoming - Pinter,theater_fandoms
605,Honeymoon in Vegas - Robert Brown/Bergman,theater_fandoms
606,Horace - Corneille,theater_fandoms
607,Hot Angel ASMR: Guardian Angel x Listener. Comfort - Azeru Official,theater_fandoms
608,The Hourglass - Mark,theater_fandoms
609,How to Dance in Ohio - Yandura/Melocik,theater_fandoms
610,How To Succeed In Business Without Really Trying - Loesser/Burrows & Weinstock & Gilbert,theater_fandoms
611,Les Huguenots - Meyerbeer/Deschamps & Scribe,theater_fandoms
612,Huis Clos | No Exit - Sartre,theater_fandoms
613,Ang Huling El Bimbo - Eraserhead/Novenario,theater_fandoms
614,The Hunchback of Notre Dame - Menken/Schwartz/Parnell,theater_fandoms
615,Гиперборея Симфония Северного Ветра - Скрипников/Становская | Hyperborea - Skripnikov/Stanovskaya,theater_fandoms
616,I Am From Austria - Fendrich/Hoffmann/Struppeck,theater_fandoms
617,I Capuleti e i Montecchi - Bellini/Romani,theater_fandoms
618,I Could Use A Drink - Gasparini,theater_fandoms
619,I Joan - Josephine,theater_fandoms
620,I Lombardi alla prima crociata - Verdi/Solera,theater_fandoms
621,I Love Einstein - Takarazuka Revue,theater_fandoms
622,I Never Saw Another Butterfly - Raspanti,theater_fandoms
623,I'm Cal Your Newest Resident Assistant - Professor Cal Official,theater_fandoms
624,I'm Sorry Prime Minister I Can't Quite Remember - Lynn,theater_fandoms
625,Икар - Круглов/Макуни | Icarus - Kruglov/Makuni,theater_fandoms
626,Icarus Fights the Minotaur - Yokanaan Kearns,theater_fandoms
627,Айсвилль - Загот/Рубинский | Iceville - Zagot/Rubinsky,theater_fandoms
628,An Ideal Husband - Wilde,theater_fandoms
629,Identity V Stage - Suehara & Tanaka & Yamada,theater_fandoms
630,Идиот - Рубальский/Достоевский y Фридман | Idiot - Rubalskyy/Dostoyevsky & Fridman,theater_fandoms
631,Idomeneo - Mozart/Varesco,theater_fandoms
632,If/Then - Kitt/Yorkey,theater_fandoms
633,Illinoise: A New Musical - Stevens/Peck & Drury,theater_fandoms
634,The Importance of Being Earnest - Wilde,theater_fandoms
635,In the Green - McLean,theater_fandoms
636,In the Heights - Miranda/Hudes,theater_fandoms
637,In the Light - Mott/Wright & Silvestri,theater_fandoms
638,Incubus Club Series - RedBoxVO,theater_fandoms
639,Indecent - Vogel,theater_fandoms
640,The Infernal Galop - Bourne,theater_fandoms
641,Inherit the Wind - Lawrence & Lee,theater_fandoms
642,(INSERT future HERE): The Musical - Zika & Various,theater_fandoms
643,An Inspector Calls - Priestley,theater_fandoms
644,INTERVIEW - 허수현/추정화 | Huh Soohyun/Choo Junghwa,theater_fandoms
645,Into the Woods - Sondheim/Lapine,theater_fandoms
646,Invention of Love - Stoppard,theater_fandoms
647,Иоланта - П. Чайковский/M. Чайковский | Iolanta - P. Tchaikovsky/M. Tchaikovsky,theater_fandoms
648,Iolanthe - Sullivan/Gilbert,theater_fandoms
649,Ion - Euripides,theater_fandoms
650,Iphigenia in Aulis - Euripides,theater_fandoms
651,Iphigenia in Tauris - Euripides,theater_fandoms
652,Iris - Cirque du Soleil,theater_fandoms
653,Islander - Anderson/Melton,theater_fandoms
654,István a király - Szörényi/Bródy/Bródy & Boldizsár,theater_fandoms
655,It Shoulda Been You - Anselmi/Hargrove,theater_fandoms
656,It's Pat - SNL Sketches,theater_fandoms
657,It's Your Move - Atlas ASMR,theater_fandoms
658,L'italiana in Algeri | The Italian Girl in Algiers - Rossini/Anelli,theater_fandoms
659,Jack of All Trades Series - YuuriVoice,theater_fandoms
660,Jack the Ripper - Patejdl/Hejna/Krecmer,theater_fandoms
661,玉蜻蜓 | Jade Dragonfly (Opera),theater_fandoms
662,玉簪记 | The Jade Hairpin (Opera),theater_fandoms
663,Jagged Little Pill - Morissette & Ballard/Morissette/Cody,theater_fandoms
664,James I: The Key Will Keep the Lock - Munro,theater_fandoms
665,ג'אנקן מיוזיקל | Janken Musical - Strijevski & Amar & Various,theater_fandoms
666,El Japón - Takarazuka Revue,theater_fandoms
667,Jasper in Deadland - Oliver/Oliver & Foster,theater_fandoms
668,Jekyll & Hyde - Wildhorn/Wildhorn & Bricusse & Cuden/Bricusse,theater_fandoms
669,Jerry Springer: The Opera - Thomas/Lee,theater_fandoms
670,Jersey Boys - Gaudio/Crewe/Brickman/Elice,theater_fandoms
671,Jerusalem - Butterworth,theater_fandoms
672,Jesus Christ Superstar - Webber/Rice,theater_fandoms
673,The Jew of Malta - Marlowe,theater_fandoms
674,Жанна д'Арк рок-опера - Бочаровой/Воробьёвой/Каковиди/Сусоровым | Joan of Arc - Bocharovoy/...,theater_fandoms
675,John Lennon & Me - Bennett,theater_fandoms
676,Joseph and the Amazing Technicolor Dreamcoat - Webber/Rice,theater_fandoms
677,只此青绿 - 徐珺蕊 | The Journey of a Legendary Landscape Painting - Xú Jùnruǐ,theater_fandoms
678,Journey's End - Sherriff,theater_fandoms
679,Julien - Drake,theater_fandoms
680,Julius Caesar - Shakespeare,theater_fandoms
681,כיד הדמיון | K'Yad HaDimyon - BrAND Musical,theater_fandoms
682,KÀ - Cirque du Soleil,theater_fandoms
683,Kaasua Komisario Palmu! - Elstelä,theater_fandoms
684,Kabale und Liebe | Intrigue and Love - Schiller,theater_fandoms
685,Die Kameliendame | Lady of the Camellias - Chopin/Neumeier,theater_fandoms
686,Kaptein Sabeltann | Captain Sabertooth - Formoe,theater_fandoms
687,カラフトお祖父さん - 鄭 | Karafuto Ojiisan - Chong,theater_fandoms
688,КарамазоВЫ - Рагулин | KaramazoVY - Ragulin,theater_fandoms
689,Káťa Kabanová - Janáček/Červinka,theater_fandoms
690,Katips - Tañada,theater_fandoms
691,A kékszakállú herceg vára | Duke Bluebeard's Castle - Bartók/Balázs,theater_fandoms
692,Хрустальное сердце - Пронин /Рой/Маликова | Khrustalnoe Serdtse - Pronin/Roy/Malikova,theater_fandoms
693,Kidnapped - McArthur & McCarthy & Stevenson,theater_fandoms
694,The King and I - Rodgers/Hammerstein,theater_fandoms
695,King John - Shakespeare,theater_fandoms
696,King Kong - Vries/Perfect/Thorne,theater_fandoms
697,King Lear - Shakespeare,theater_fandoms
698,全职高手舞台剧 - 朱璐莎 | The King's Avatar Stage Play - Zhū Lùshā,theater_fandoms
699,Kinky Boots - Lauper/Fierstein,theater_fandoms
700,Kiss Me Kate - Porter/Spewack,theater_fandoms
701,Kiss of the Spider Woman - All Media Types,theater_fandoms
702,Kleiner Mann - was nun? - Zürcher & Fallada,theater_fandoms
703,Книга Стихий - Антипов у Мажуга/Батурина у Ересина | Kniga Stihie - Antipov&Mazhuga/Baturina&Eresina,theater_fandoms
704,Knight Fantasy Series - RedBoxVO,theater_fandoms
705,Knightmare - All Media Types,theater_fandoms
706,Koozå - Cirque du Soleil,theater_fandoms
707,Kordian - Słowacki,theater_fandoms
708,紅葉鬼 - 葛木英 | Kouyouki - Kuzuki Akira,theater_fandoms
709,Kurios - Cirque du Soleil,theater_fandoms
710,Kuroshitsuji : The Most Beautiful DEATH in the World - Iwasaki/Mori/Mari,theater_fandoms
711,L'elisir d'amore | The Elixir of Love - Donzietti/Romani,theater_fandoms
712,Человек который смеётся - Тюменцев/Зырянова | L'Homme qui rit - Tyumencev/Ziryanova,theater_fandoms
713,Labour of Love - Graham,theater_fandoms
714,Лабиринты сна - Матвейчук | Labyrinths of Sleep - Matveychuk,theater_fandoms
715,The Lady's Not for Burning - Fry,theater_fandoms
716,Lancelot - Takarazuka Revue,theater_fandoms
717,Last 5 Years - Brown,theater_fandoms
718,The Last Days of Judas Iscariot - Guirgis,theater_fandoms
719,The Last Ship - Sting/Logan & Yorkey,theater_fandoms
720,Последнее испытание - Круглов и Ханпира | The Last Trial - Kruglov & Khanpira,theater_fandoms
721,Last Will and Temperament - The Frantics,theater_fandoms
722,Laughter on the 23rd Floor - Simon,theater_fandoms
723,庭前 - 朱虹璇 & 叶紫铃 | The Law's Amour - Zhū Hóngxuán & Yè Zǐling,theater_fandoms
724,Лэ о Лэйтиан - Смеркович и Сидоренко | The Lay of Leithian - Smerkovich & Sidorenko,theater_fandoms
725,Leap of Faith - Menken/Slater/Cercone,theater_fandoms
726,Leben des Galilei | Life of Galileo - Brecht/Eisler,theater_fandoms
727,Legally Blonde - Hach/O'Keefe/Benjamin,theater_fandoms
728,Невидимом граде Китеже и деве Февронии - Римский-Корсаков/Бельский | Legend of the Invisible City...,theater_fandoms
729,鳳凰伝－カラフとトゥーランドット－ | Legend of the Phoenix -Calaf & Turandot- - Takarazuka Revue,theater_fandoms
730,La Légende du Roi Arthur - Savio & Skread & Zaho/Chouquet/Attia,theater_fandoms
731,アーサー王伝説 | La Légende du Roi Arthur - Takarazuka Revue,theater_fandoms
732,Legoland - Richmond,theater_fandoms
733,Lelies - Verhoeven/Blom,theater_fandoms
734,Lempicka - Gould/Kreitzer/Gould & Kreitzer,theater_fandoms
735,Leonore | Fidelio - Beethoven/Sonnleithner & Treitschke,theater_fandoms
736,Lestat - Elton John & Taupin/Woolverton,theater_fandoms
737,Lettice and Lovage - Shaffer,theater_fandoms
738,Li'l Abner - de Paul/Mercer/Panama/Frank,theater_fandoms
739,灯塔系列 - 梁昕/付蕾 | Light Keepers Series - Liáng Xīn/Fù Lěi,theater_fandoms
740,The Light Princess - Amos/Adamson,theater_fandoms
741,Lightforged Universe - Lightforged ASMR,theater_fandoms
742,The Lightning Thief - Rokicki/Tracz,theater_fandoms
743,Lilium ~少女純潔歌劇~ - 和田/末満 | Lilium - Wada/Suemitsu,theater_fandoms
744,Linie 1 - Heymann/Ludwig,theater_fandoms
745,The Lion in Winter - Goldman,theater_fandoms
746,The Lion King - Elton John & Various/Rice & Various/Allers & Mecchi,theater_fandoms
747,The Little Mermaid - Auerbach,theater_fandoms
748,The Little Mermaid - Menken/Ashman & Slater/Wright,theater_fandoms
749,Little Miss Perfect: The Musical - Kwame/Gunderson,theater_fandoms
750,A Little Night Music - Sondheim/Wheeler,theater_fandoms
751,Little Shop of Horrors - Menken/Ashman,theater_fandoms
752,Little Women - Hamill,theater_fandoms
753,Little Women - Howland/Dickstein/Knee,theater_fandoms
754,柳永 | Liu Yong (Opera),theater_fandoms
755,Lizard Boy - Huertas,theater_fandoms
756,Lizzie - Cheslik-DeMeyer & Hewitt/Cheslik-DeMeyer & Maner,theater_fandoms
757,La Llamada - Jiménez/Ambrossi & Calvo,theater_fandoms
758,Lobby Hero - Lonergan,theater_fandoms
759,Loch Dormant Sleepcast - Headspace,theater_fandoms
760,Lohengrin - Wagner,theater_fandoms
761,London Tide - Harvey & Power/Dickens,theater_fandoms
762,Lord of the Dance (Musical),theater_fandoms
763,Lorenzaccio - Alfred de Musset,theater_fandoms
764,Lost Girl - Belflower,theater_fandoms
765,День Влюблённых - Загот/Беркович/Дурненков | Love Day - Zagot/Berkovich/Durnenkov,theater_fandoms
766,Love in Hate Nation - Iconis,theater_fandoms
767,ラブライブ！スクールアイドルミュージカル - 小島/畑/岸本 | Love Live! School Idol Musical - Kojima/Hata/Kishimoto,theater_fandoms
768,Love Lust Lost - Broad Encounters,theater_fandoms
769,Love Never Dies - Lloyd Webber,theater_fandoms
770,Love! Valour! Compassion! - McNally,theater_fandoms
771,Love's Labour's Lost - Shakespeare,theater_fandoms
772,Lucia di Lammermoor - Donizetti/Cammarano,theater_fandoms
773,堕天使の涙 | Lucifer's Tears - Takarazuka Revue,theater_fandoms
774,Lucrèce Borgia | Lucrezia Borgia - Hugo,theater_fandoms
775,Ludwig: Beethoven The Piano - 허수현/추정화 | Huh Soohyun/Choo Junghwa,theater_fandoms
776,Ludwig² - Wecker & Franke & Raine/Rettberg,theater_fandoms
777,Luisa Miller - Verdi/Cammarano,theater_fandoms
778,ルパン三世 ~王妃の首飾りを追え！~ | Lupin III: In Search of the Queen's Necklace - Takarazuka Revue,theater_fandoms
779,Die Lustige Witwe | The Merry Widow,theater_fandoms
780,Luzia - Cirque du Soleil,theater_fandoms
781,Lysistrata - Aristophanes,theater_fandoms
782,Lysistrata Jones - Flinn/Bean,theater_fandoms
783,Macbeth - Shakespeare,theater_fandoms
784,Machine - Tan Tarn How,theater_fandoms
785,The Mad Hatter's Tea Party - ZooNation,theater_fandoms
786,The Mad Ones - Lowdermilk & Kerrigan,theater_fandoms
787,Madama Butterfly - Puccini/Illica/Giacosa,theater_fandoms
788,マグダラなマリア - 湯澤 | Magdalena na Maria - Yuwaza,theater_fandoms
789,Magic Goes Wrong - Lewis & Sayer & Shields,theater_fandoms
790,壮麗帝 | The Magnificent Emperor - Takarazuka Revue,theater_fandoms
791,Majishan no Yuutsu | A Magician's Misfortunes - Takarazuka Revue,theater_fandoms
792,Male Tsundere Ghost Series | Benjamin Audio Series - Easton and Emmary Audios,theater_fandoms
793,Les Malheurs de Sophie | The Misfortunes of Sophie - All Media Types,theater_fandoms
794,Die Malteser - Friedrich Schiller,theater_fandoms
795,Mamma Mia! - ABBA/Johnson,theater_fandoms
796,Man and Boy - Rattigan,theater_fandoms
797,Man of La Mancha - Wasserman/Darion/Leigh,theater_fandoms
798,Mankai Stage A3! - Yu (Vague)/Kameda,theater_fandoms
799,Manon - Massenet/Meilhac & Gille,theater_fandoms
800,Le Mariage de Figaro | The Marriage of Figaro - Beaumarchais,theater_fandoms
801,Mariana Pineda - Federico Garcia Lorca,theater_fandoms
802,Marie Antoinette - Levay/Kunze,theater_fandoms
803,マリポーサの花 | La Mariposa - Takarazuka Revue,theater_fandoms
804,Marry Harry - Martin/Biello/Manocherian,theater_fandoms
805,Martin Guerre - Schönberg/Boublil/Clark,theater_fandoms
806,The Marvelous Wonderettes - Bean,theater_fandoms
807,Mary Poppins - Sherman/Stiles/Drew/Fellowes,theater_fandoms
808,Мастер и Маргарита - Танонов и др./Афанасьева и др.| Master and Margarita - Tanonov/Afanasyeva et al,theater_fandoms
809,Matador Gothic Series - Escaped Audios,theater_fandoms
810,The Matchmaker - Wilder,theater_fandoms
811,Matilda the Musical - Minchin/Kelly,theater_fandoms
812,Matterhorn - Hammond/Kunze,theater_fandoms
813,Matthew Bourne's Sleeping Beauty: A Gothic Romance,theater_fandoms
814,Mayerling (Ballet),theater_fandoms
815,Mayflies - Gowland,theater_fandoms
816,Me and My Dick - Team Starkid,theater_fandoms
817,Me and My Girl - Gay/Furber & Rose,theater_fandoms
818,Me and My Girl - Takarazuka Revue,theater_fandoms
819,Mean Girls - Richmond/Benjamin/Fey,theater_fandoms
820,Measure for Measure - Shakespeare,theater_fandoms
821,Medea - Euripides,theater_fandoms
822,Medea - Seneca the Younger,theater_fandoms
823,Medieval Times Dinner & Tournament,theater_fandoms
824,The Medium - Menotti,theater_fandoms
825,Die Meistersinger von Nürnberg - Wagner,theater_fandoms
826,Melo the Mycelium Elf Series - Dark and Twisted Whisper,theater_fandoms
827,Menyasszonytánc - Jávori/Miklós/Böhm & Kállai,theater_fandoms
828,Merchant of Venice - Shakespeare,theater_fandoms
829,La Mère coupable | The Guilty Mother - Beaumarchais,theater_fandoms
830,Merman Shows You His World - Shining Armor ASMR,theater_fandoms
831,Merrily We Roll Along - Sondheim/Furth,theater_fandoms
832,A Merry Little Christmas Carol - Shanahan & Dickens,theater_fandoms
833,Merry Wives of Windsor - Shakespeare,theater_fandoms
834,Messiah Project - All Media Types,theater_fandoms
835,Mia Famiglia - 박현숙/이희준 | Park Hyun Suk/Lee Hee-joon,theater_fandoms
836,出島小宇宙戦争 | The Microcosmic War of Dejima - Takarazuka Revue,theater_fandoms
837,The Midnight Bell - Bourne,theater_fandoms
838,태양의 노래 - 한보람 & 김한솔/김한솔 | Midnight Sun - Han Boram & Kim Hansol/Kim Hansol,theater_fandoms
839,Midsummer Night's Dream - Shakespeare,theater_fandoms
840,Midsummer/Jersey - Ludwig,theater_fandoms
841,The Mikado - Sullivan/Gilbert,theater_fandoms
842,Mio Fratello - 박현숙/이희준 | Park Hyun Suk/Lee Hee-joon,theater_fandoms
843,Miroirs - Takarazuka Revue,theater_fandoms
844,Le Misanthrope ou l'Atrabilaire amoureux | The Misanthrope or the Cantankerous Lover - Molière,theater_fandoms
845,Miserable Les (Discworld Musical),theater_fandoms
846,Les Misérables - All Media Types,theater_fandoms
847,Les Misérables - Schönberg/Boublil,theater_fandoms
848,Les Misérables (Dallas 2014),theater_fandoms
849,Miss Saigon - Schönberg/Boublil/Maltby,theater_fandoms
850,Mojo - Butterworth,theater_fandoms
851,Mojo (1997),theater_fandoms
852,Molière - Attia,theater_fandoms
853,阿尔兹记忆的爱情 - 韩/陈 & 韩 & 周/田 | A Moment of Remembrance - Hán/Chén & Hán & Zhōu/Tián,theater_fandoms
854,もののふ白き虎 - 西田大輔 | Mononofu Shiroki Tora - Nishida Daisuke,theater_fandoms
855,Monster Mash Bash - Six Flags Fiesta Texas,theater_fandoms
856,Монте Кристо - Игнатьев/Ким | Monte Cristo - Ignatiev/Kim,theater_fandoms
857,Месяц в деревне - Тургенев | A Month in the Country - Turgenev,theater_fandoms
858,Monty Python's Spamalot,theater_fandoms
859,The Moors - Silverman,theater_fandoms
860,Morte accidentale di un anarchico | Accidental Death of an Anarchist - Fo,theater_fandoms
861,La morte di Cesare - Bianchi/Sertor,theater_fandoms
862,Moses und Aron - Schoenberg,theater_fandoms
863,The Most Incredible Thing - Pet Shop Boys,theater_fandoms
864,MotH (Magic of the Heart) Series - Good Boy Audios,theater_fandoms
865,Les Mouches | The Flies - Sartre,theater_fandoms
866,Moulin Rouge!: The Musical - Various/Logan,theater_fandoms
867,The Mousetrap - Christie,theater_fandoms
868,Моцарт и Сальери - Пушкин | Mozart and Salieri - Pushkin,theater_fandoms
869,Mozart l'Opéra Rock - Mozart/Baguian & Guirao,theater_fandoms
870,Mozart l'Opéra Rock - Takarazuka Revue,theater_fandoms
871,Mozart! - Levay/Kunze,theater_fandoms
872,Mr. Burns a Post-Electric Play - Washburn,theater_fandoms
873,Mrs. Hawking Series - Roberts & Gabin,theater_fandoms
874,Mrs. Warren's Profession - Shaw,theater_fandoms
875,Much Ado About Nothing - Shakespeare,theater_fandoms
876,Murder Ballad - Jordan & Nash,theater_fandoms
877,Murder in the Cathedral - Eliot,theater_fandoms
878,The Music Critic - Igudesman,theater_fandoms
879,The Music Man - All Media Types,theater_fandoms
880,The Music Man - Willson,theater_fandoms
881,ミュージカル 刀剣乱舞 - 御笠ノ | Musical Touken Ranbu - Mikasano,theater_fandoms
882,Mutter Courage und ihre Kinder | Mother Courage - Brecht/Steffin,theater_fandoms
883,Muzikál Hamlet | Hamlet: The Rock Opera - Ledecký,theater_fandoms
884,My Bucket List - Kim/Heo & Choi & Kim/Choi,theater_fandoms
885,My Heart Says Go - Rivera-Herrans/Hawkins,theater_fandoms
886,My Knight Series - Shining Armor ASMR,theater_fandoms
887,My Servant My Savior - CardlinAudio,theater_fandoms
888,Mystère - Cirque du Soleil,theater_fandoms
889,N-Style - Takarazuka Revue,theater_fandoms
890,Nabucco - Verdi/Solera,theater_fandoms
891,The Nance - Beane,theater_fandoms
892,眠らない男ナポレオン | Napoléon the Man Who Never Sleeps - Takarazuka Revue,theater_fandoms
893,Napoli - Paulli & Helsted & Gade & Lumbye,theater_fandoms
894,纳斯尔丁·阿凡提 - 刘念语/刘洲 | Nasirdin Afandi - Liú Niànyǔ/Liú Zhōu,theater_fandoms
895,Nassau: la nuit des canons - RISE-UP,theater_fandoms
896,Natasha Pierre and the Great Comet of 1812 - Malloy,theater_fandoms
897,The Neon Barbarian Series - Escaped Audios,theater_fandoms
898,Nerdy Study Date Night Role Play! (Personal Attention & More!) - The ASMR Ryan,theater_fandoms
899,The New Albion Radio Hour: A Dieselpunk Opera - Shapera,theater_fandoms
900,A New Brain - Finn/Lapine,theater_fandoms
901,新龙门客栈 | New Dragon Gate Inn (Opera),theater_fandoms
902,新社員 - 蔣韜/簡莉穎 | The New Member - Jiǎng Tāo/Jiǎn Lì Yǐng,theater_fandoms
903,新源氏物語 | The New Tale of Genji - Takarazuka Revue,theater_fandoms
904,New York New York - Kander/Ebb & Miranda/Thompson & Washington,theater_fandoms
905,Newsies - All Media Types,theater_fandoms
906,Newsies!: the Musical - Fierstein/Menken,theater_fandoms
907,Next to Normal - Kitt/Yorkey,theater_fandoms
908,NeXus Series - Mr. Laveau,theater_fandoms
909,Nice Work If You Can Get It - Takarazuka Revue,theater_fandoms
910,人间失格 - Wildhorn/染空间 | No Longer Human - Wildhorn/Ranspace,theater_fandoms
911,No. 14 Deerbourne Drive - JCHS Theatre,theater_fandoms
912,Noah's Flood - Chester Mystery Cycle,theater_fandoms
913,The Noble Trials Series - ZsakuVA,theater_fandoms
914,Nobunaga The Fool,theater_fandoms
915,Noises Off - Frayn,theater_fandoms
916,Норд-Ост - Иващенко & Васильев | Nord-Ost - Ivaschenko & Vasilyev,theater_fandoms
917,Norma - Bellini/Romani,theater_fandoms
918,Normal - Ng,theater_fandoms
919,Nosferatu - Warner,theater_fandoms
920,Nothing is the End of the World (except for the end of the world) - Brunstetter,theater_fandoms
921,Notre-Dame de Paris - Cocciante/Plamondon,theater_fandoms
922,La Nouba - Cirque du Soleil,theater_fandoms
923,Novice & le Dragon - Le Briquet à l'envers,theater_fandoms
924,Le nozze di Figaro | The Marriage of Figaro - Mozart/Da Ponte,theater_fandoms
925,Nuestras Vidas Privadas | Our Private Life - Rozo,theater_fandoms
926,Les nuits d'été - Berlioz,theater_fandoms
927,Nunsense,theater_fandoms
928,Nursery School Monologues - Grenfell,theater_fandoms
929,O - Cirque du Soleil,theater_fandoms
930,Oberto Conte di San Bonifacio - Verdi/Solera,theater_fandoms
931,Ocean's 11 - Takarazuka Revue,theater_fandoms
932,Oceanborn: A New Musical - Cameron & Smith,theater_fandoms
933,Octet - Malloy,theater_fandoms
934,Oedipus Cycle - Sophocles,theater_fandoms
935,Off Centre - Haresh Sharma,theater_fandoms
936,Oh Hello - Kroll & Mulaney,theater_fandoms
937,L'Oiseau bleu | The Blue Bird - Maeterlinck,theater_fandoms
938,Oklahoma! - Rodgers/Hammerstein,theater_fandoms
939,The Old Man and the Old Moon - PigPen Theatre Co.,theater_fandoms
940,Oliver! - Bart,theater_fandoms
941,Om Shanti Om - Takarazuka Revue,theater_fandoms
942,在远方 - 金培达 & 张筱真 & 阿云嘎/申捷 | On the Road - Peter Kam Pui-Tat & Zhāng Xiǎozhēn & Ayanga/Shēn Jié,theater_fandoms
943,Once - Hansard/Irglová/Walsh,theater_fandoms
944,Once on this Island - Flaherty/Ahrens,theater_fandoms
945,Once Upon a Mattress - Rodgers/Barer/Fuller/Thompson,theater_fandoms
946,最後禮物 - 莊梅岩 | One Last Gift - Candace Chong,theater_fandoms
947,One Man Two Guvnors - Bean,theater_fandoms
948,星逢一夜 | One Night of Stars - Takarazuka Revue,theater_fandoms
949,Onegin: The Musical - Gladstone/Hille,theater_fandoms
950,Öökuninganna | Queen of the Night - Jaaks,theater_fandoms
951,Operation Mincemeat: A New Musical - SpitLip,theater_fandoms
952,Ordinary Days - Gwon,theater_fandoms
953,Ördögölő Józsiás - Tolcsvay/Tamási/Bori,theater_fandoms
954,The Oresteia - Aeschylus,theater_fandoms
955,Orestes - Euripides,theater_fandoms
956,L'Orfeo | La favola d'Orfeo - Monteverdi/Striggio,theater_fandoms
957,Orfeo ed Euridice | Orpheus and Eurydice - Gluck,theater_fandoms
958,赵氏孤儿 - 金培达/梁芒/詹姆斯·芬顿 & 金圣华 & 彭镜禧 | The Orphan of Zhao - Jin/Liang/Fenton & Jin & Peng,theater_fandoms
959,Орфей - Вайнер | Orpheus - Weiner,theater_fandoms
960,Othello - Shakespeare,theater_fandoms
961,Our Bad Magnet - Maxwell,theater_fandoms
962,Our Boys - Jonathan Lewis,theater_fandoms
963,Our Day Out - Russell,theater_fandoms
964,Our House - Madness/Firth,theater_fandoms
965,Our Town - Wilder,theater_fandoms
966,The Outsiders: The Musical - Jamestown Revival & Levine/Rapp,theater_fandoms
967,Over and Out: A New Musical - Soucy & Smith,theater_fandoms
968,Pacific Overtures - Sondheim/Weidman,theater_fandoms
969,A padlás - Presser/Sztevanovity/Presser & Horvath,theater_fandoms
970,Pagliacci - Leoncavallo,theater_fandoms
971,Paint Your Wagon - Loewe/Lerner,theater_fandoms
972,Parade - Brown/Uhry,theater_fandoms
973,Paradis - Cederholm,theater_fandoms
974,Paradise Square - Kirwan & Howland/Tysen & Asare/Anderson & Lucas & Kirwan,theater_fandoms
975,Paris - English & Mackay,theater_fandoms
976,Paris Letter - Jon Robin Baitz,theater_fandoms
977,Párizsi élet (Színház),theater_fandoms
978,Parlour Song - Butterworth,theater_fandoms
979,Parsifal - Wagner,theater_fandoms
980,Partenope - Händel/Stampiglia,theater_fandoms
981,ひかりふる路 | A Passage Through the Light - Takarazuka Revue,theater_fandoms
982,The Passion - Mitchell & Wannell,theater_fandoms
983,Passion - Sondheim/Lapine,theater_fandoms
984,激情 -ホセとカルメン- | Passion -Jose and Carmen- - Takarazuka Revue,theater_fandoms
985,Patience - Sullivan/Gilbert,theater_fandoms
986,Павел на Электричке ASMR (Aнглийский) | Pavel on Elektrichka (English) - Jimち ASMR | JimChi ASMR,theater_fandoms
987,Les pêcheurs de perles | The Pearl Fishers - Bizet/Cormon & Carré,theater_fandoms
988,Peer Gynt - Henrik Ibsen,theater_fandoms
989,Peggy Sue Got Married - Gaudio/Leichtling & Sarner,theater_fandoms
990,Pelléas et Mélisande - Debussy/Maeterlinck,theater_fandoms
991,The Pen Series - Eris Serenity,theater_fandoms
992,People v. Franks - Constitutional Rights Foundation,theater_fandoms
993,翼ある人びと －ブラームスとクララ・シューマン－ | People Who Have Wings ~Brahms and Clara Schumann~ - Takarazuka Revue,theater_fandoms
994,The Perfect American - Glass/Wurlitzer,theater_fandoms
995,Pericles: Prince of Tyre - Shakespeare,theater_fandoms
996,El perro del hortelano | The Dog in the Manger - de Vega,theater_fandoms
997,Peter and the Starcatcher - Elice,theater_fandoms
998,Петя и волк - Прокофьев | Peter and the Wolf - Prokofiev,theater_fandoms
999,Peter Pan - Charlap & Styne/Leigh & Comden & Green/Barrie,theater_fandoms
1000,Петя и фолк. Тайны миров - Зубец/Симонова | Petya e Folk. Tainy Mirov - Zubets/Simonova,theater_fandoms
1001,Phaedra's Love - Kane,theater_fandoms
1002,Phantom - Takarazuka Revue,theater_fandoms
1003,Phantom of the Opera - Lloyd Webber,theater_fandoms
1004,Phantom of the Opera - Lortkipanidze & Rubenstein,theater_fandoms
1005,Phantom: The American Musical Sensation - Yeston/Kopit,theater_fandoms
1006,The Philadelphia - Ives,theater_fandoms
1007,Picasso at the Lapin Agile - Martin,theater_fandoms
1008,Picnic - Inge,theater_fandoms
1009,Pieces Of String - Gowland,theater_fandoms
1010,The Pillowman - McDonagh,theater_fandoms
1011,Pioneers and Outlaws: The Saga of Butch Cassidy - Allan,theater_fandoms
1012,Pippin - Schwartz/Hirson,theater_fandoms
1013,The Pirate Queen - Boublil/Schönberg,theater_fandoms
1014,The Pirates of Penzance - Sullivan/Gilbert,theater_fandoms
1015,The Plain Dealer - Wycherley,theater_fandoms
1016,The Play That Goes Wrong Series - Lewis & Sayer & Shields,theater_fandoms
1017,Playful Vampire Series - ZSakuVA,theater_fandoms
1018,Pleasuredome: The Musical - Various/Beesley,theater_fandoms
1019,The Plot Like Gravy Thickens - St. John,theater_fandoms
1020,ポーの一族 | The Poe Clan - Takarazuka Revue,theater_fandoms
1021,POE: The Musical - Woolfson,theater_fandoms
1022,Popstars! The 90's Musical - Various & Hayward/Gooding & Christo,theater_fandoms
1023,Porgy and Bess - Gershwin/Gershwin/Heyward,theater_fandoms
1024,Portal 2: The (Unauthorized) Musical - geekenders,theater_fandoms
1025,Possessive Yandere Vampire Series - Dream Boyfriend,theater_fandoms
1026,The Posthuman Cabaret - Shapera,theater_fandoms
1027,POTUS: Or Behind Every Great Dumbass Are Seven Women Trying to Keep Him Alive - Fillinger,theater_fandoms
1028,Power Line: The Story of Me Mario and Your Mom - Zolidis,theater_fandoms
1029,PR×PRince - Takarazuka Revue,theater_fandoms
1030,A Prayer for My Daughter - Babe,theater_fandoms
1031,Prélude à l'après-midi d'un faune | Afternoon of a Faun - Debussy,theater_fandoms
1032,Preludes - Dave Malloy,theater_fandoms
1033,Present Laughter - Coward,theater_fandoms
1034,The Pride - Kaye Campbell,theater_fandoms
1035,Prima Facie - Miller,theater_fandoms
1036,ПраймТайм - Лепаж/Кортнев/Киселева | PrimeTime - Lepage/Kortnev/Kiseleva,theater_fandoms
1037,The Prince - Thorn,theater_fandoms
1038,Prince of Roses - Takarazuka Revue,theater_fandoms
1039,Princess Ida - Sullivan/Gilbert,theater_fandoms
1040,Princess Maleine - Maurice Maeterlinck,theater_fandoms
1041,Priscilla Queen of the Desert - Elliott/Scott,theater_fandoms
1042,Le prix de l'ascension - Rossi & Demor,theater_fandoms
1043,Prodigal Son - Shanley,theater_fandoms
1044,Professor ASMR Series - Azeru Official,theater_fandoms
1045,Project Balete the Musical - Salazar,theater_fandoms
1046,The Prom - Sklar/Beguelin/Martin,theater_fandoms
1047,Promageddon - Dietz,theater_fandoms
1048,Prometheus Bound - Aeschylus,theater_fandoms
1049,Proof - Auburn,theater_fandoms
1050,Property Rites - Haehnel,theater_fandoms
1051,PRxPrince - Takarazuka Revue,theater_fandoms
1052,Psycho-Pass Virtue and Vice - 深見 | Fukami,theater_fandoms
1053,Psychopath Killer Series - GreyspaceASMR,theater_fandoms
1054,Puffs or Seven Increasingly Eventful Years at a Certain School of Magic and Magic - Cox,theater_fandoms
1055,Puffs or Seven Increasingly Eventful Years at a Certain School of Magic and Magic - Matt Cox,theater_fandoms
1056,Pulp Musicals Series - Dahan,theater_fandoms
1057,Punch and Judy (Puppet Show),theater_fandoms
1058,Pygmalion - Shaw,theater_fandoms
1059,Пирамида - Скрипников | Pyramid - Skripnikov,theater_fandoms
1060,Пиковая дама - П. Чайковский/M. Чайковский | The Queen of Spades - P. Tchaikovsky/M. Tchaikovsky,theater_fandoms
1061,Quidam - Cirque du Soleil,theater_fandoms
1062,Quills - Wright,theater_fandoms
1063,Quite the Ride - ProfessorCal_,theater_fandoms
1064,R.U.R. - Čapek,theater_fandoms
1065,Rabbit Hole - Lindsay-Abaire,theater_fandoms
1066,라흐마니노프 - 이진욱 & 김보람/김유현 | Rachmaninoff - Lee Jin Wook & Kim Bo Ram/Kim Yoo Hyeon,theater_fandoms
1067,Radium Girls - Gregory,theater_fandoms
1068,Raggedy Ann - Raposo/Gibson,theater_fandoms
1069,Ragtime - Flaherty/Ahrens/McNally,theater_fandoms
1070,A Raisin in the Sun - Hansberry,theater_fandoms
1071,The Rake's Progress - Stravinsky/Auden/Kallman,theater_fandoms
1072,Ranked: A New Musical - Gomes/Holmes,theater_fandoms
1073,Die Räuber | The Robbers - Schiller,theater_fandoms
1074,Raveleijn - Merkelbach/van Loon,theater_fandoms
1075,Il re cervo | The Stag King - Gozzi,theater_fandoms
1076,Rebecca - Levay/Kunze,theater_fandoms
1077,Red - Logan,theater_fandoms
1078,赤と黒 | The Red and The Black - Takarazuka Revue,theater_fandoms
1079,大红灯笼 - 捞/彭 | Red Lantern - Láo/Péng,theater_fandoms
1080,The Red Shoes - Herrmann,theater_fandoms
1081,Redactedverse - Redacted ASMR,theater_fandoms
1082,Rent - Larson,theater_fandoms
1083,Rescued from Aliens Series - KimCarter,theater_fandoms
1084,Rescuing a Cursed Elf! - salemAudio,theater_fandoms
1085,Return to the Forbidden Planet - Carlton,theater_fandoms
1086,The Revenger's Tragedy - Middleton,theater_fandoms
1087,恋爱的犀牛 - 廖一梅 | Rhinoceros in Love - Liao Yimei,theater_fandoms
1088,Richard II - Shakespeare,theater_fandoms
1089,Richard III - Shakespeare,theater_fandoms
1090,Ride - Smith & Williams,theater_fandoms
1091,Ride the Cyclone: A New Musical - Maxwell & Richmond,theater_fandoms
1092,Riders to the Sea - Synge,theater_fandoms
1093,Rift World Series - Ephemeral Rift,theater_fandoms
1094,Rigoletto - Verdi/Piave,theater_fandoms
1095,Der Ring des Nibelungen | The Ring of the Nibelung - Wagner,theater_fandoms
1096,Rival Slasher Villains Series - Escaped Audios,theater_fandoms
1097,The Rivals - Sheridan,theater_fandoms
1098,The River - Jez Butterworth,theater_fandoms
1099,Riverdance - Whelan,theater_fandoms
1100,ROAD59 -新時代任侠特区- | ROAD59 -Shin Jidai Ninkyou Tokku- (Stage Play),theater_fandoms
1101,The Roaring Girl - Middleton & Dekker,theater_fandoms
1102,Roberto Devereux - Donizetti/Cammarano,theater_fandoms
1103,Robin Hood and His Merry Men - Gremel,theater_fandoms
1104,Robin Hood: Das Musical - de Burgh & Marten,theater_fandoms
1105,Rock 'n' Roll - Stoppard,theater_fandoms
1106,ロックミュージカル ブリーチ - 玉麻/平光 | Rock Musical Bleach - Tama/Hiramitsu,theater_fandoms
1107,Rock of Ages - D'Arienzo,theater_fandoms
1108,"Rock Opera ""R&J"" - Ooshima/Suzuki/Shakespeare",theater_fandoms
1109,Rockabye - Sushi Soucy,theater_fandoms
1110,Rockabye Hamlet - Jones,theater_fandoms
1111,The Rocky Horror Show - O'Brien,theater_fandoms
1112,Rodelinda - Händel/Haym,theater_fandoms
1113,Le Roi Soleil - Florence/Guirano/Ouali,theater_fandoms
1114,西厢记 | Romance of the West Chamber (Opera),theater_fandoms
1115,暁のローマ | Rome at Dawn - Takarazuka Revue,theater_fandoms
1116,Romeo & Juliette - Takarazuka Revue,theater_fandoms
1117,Romeo & Juliette - Toho Stage,theater_fandoms
1118,Romeo and Jude - Ross,theater_fandoms
1119,Romeo And Juliet - Shakespeare,theater_fandoms
1120,Romeo e Giulietta - Ama e Cambia il Mondo,theater_fandoms
1121,Rómeó és Júlia (Színház),theater_fandoms
1122,Roméo et Juliette - Presgurvic,theater_fandoms
1123,Romeo i Julia - Stokłosa/Wermer,theater_fandoms
1124,Romulus der Große | Romulus the Great - Dürrenmatt,theater_fandoms
1125,La Rondine - Puccini/Adami/Willner & Reichert,theater_fandoms
1126,Rope - Hamilton,theater_fandoms
1127,Rose of Versailles - Takarazuka Revue,theater_fandoms
1128,Rosencrantz & Guildenstern are Dead - Stoppard,theater_fandoms
1129,Der Rosenkavalier | The Knight of the Rose - Strauss/von Hoffmannsthal/von Kessler,theater_fandoms
1130,The Roses of Eyam - Taylor,theater_fandoms
1131,Ross - Rattigan,theater_fandoms
1132,Le Rouge et Le Noir - Zazie & Baguian & Sorel & Rousseau/Bonstein,theater_fandoms
1133,The Rover - Behn,theater_fandoms
1134,Ruddigore - Sullivan/Gilbert,theater_fandoms
1135,Rudolf - Wildhorn/Murphy/Huang/Knighton,theater_fandoms
1136,Rumors - Simon,theater_fandoms
1137,Rusalka - Dvořák/Kvapil,theater_fandoms
1138,Le Sacre du Printemps | The Rite of Spring - Stravinsky,theater_fandoms
1139,Sadistic Classmate Series - KV VA,theater_fandoms
1140,Sadistic Ringleader: Cirque Du Baron - kv va,theater_fandoms
1141,Sadistic Yandere Series - KV VA,theater_fandoms
1142,SaGa THE STAGE: 七英雄の帰還 - 伊藤 & 植松 | SaGa THE STAGE: Return of the Seven Heroes - Itou & Uematsu,theater_fandoms
1143,A Saint She Ain't - King/Vosburgh,theater_fandoms
1144,Salomé - Oscar Wilde,theater_fandoms
1145,Salut les copains: Le Spectacle Musicale - Forneri,theater_fandoms
1146,サムライモド | Samurai Mode - pnish,theater_fandoms
1147,Der Sandmann | The Sandman - Calvi/Wilson,theater_fandoms
1148,里見八犬伝 - 鈴木哲也 | Satomi Hakkenden - Suzuki Tetsuya,theater_fandoms
1149,Saturday Girls - Michalowski,theater_fandoms
1150,The Scarlet Pimpernel - Takarazuka Revue,theater_fandoms
1151,The Scarlet Pimpernel - Wildhorn/Knighton,theater_fandoms
1152,Алые паруса - Дунаевский/Бартенев/Усачёв | Scarlet Sails - Dunayevsky/Bartenev/Usachyov,theater_fandoms
1153,Scary Cousin (Kira) Series - Gibi ASMR,theater_fandoms
1154,Der Schauspieldirektor | The Impresario - Mozart/Stephanie,theater_fandoms
1155,Schelkunchik | The Nutcracker,theater_fandoms
1156,Schikaneder - Schwartz/Struppeck,theater_fandoms
1157,School Daze - Price,theater_fandoms
1158,The School of Night - Whelan,theater_fandoms
1159,School of Rock - Lloyd Webber/Slater/Fellowes,theater_fandoms
1160,Schoolhouse Rock Live! JR. - Ahrens & Dorough & Frishberg & Mandry & Newall & Yohe,theater_fandoms
1161,Sci Fi ASMR | Terminal 7 - Jimち ASMR | JimChi ASMR,theater_fandoms
1162,Scream'd: An Unauthorized Musical Parody - Heard & Grayson,theater_fandoms
1163,Se Essa Lua Fosse Minha - Rocha,theater_fandoms
1164,Sea Fret - Brown,theater_fandoms
1165,Seared - Rebeck,theater_fandoms
1166,The Seasons' Canon - Richter,theater_fandoms
1167,The Secret Garden - Simon/Norman,theater_fandoms
1168,Secret Series - Shapera,theater_fandoms
1169,Seducing your Domineering Boss Series - Desmond ASMR,theater_fandoms
1170,Sei Personaggi in Cerca d'Autore | Six Characters in Search of an Author - Pirandello,theater_fandoms
1171,The Selkie's Wife - Flett,theater_fandoms
1172,Seminar - Rebeck,theater_fandoms
1173,Semmelweis - Lustig/Doherty,theater_fandoms
1174,Il servitore di due padroni | Servant of Two Masters - Goldoni,theater_fandoms
1175,Seussical: The Musical - Flaherty/Ahrens,theater_fandoms
1176,Ἑπτὰ ἐπὶ Θήβας - Αἰσχύλος | Seven Against Thebes - Aeschylus,theater_fandoms
1177,Тень - Шварц | The Shadow - Schwartz,theater_fandoms
1178,Shadowlands - Nicholson,theater_fandoms
1179,Shakespeare - Takarazuka Revue,theater_fandoms
1180,Shakespeare in Hollywood - Ludwig,theater_fandoms
1181,Shakespeare in Love - Hall (Play),theater_fandoms
1182,SHAKESPEARE William - Works,theater_fandoms
1183,Shakespeare's R&J - Calarco,theater_fandoms
1184,Shall We Dance? - Takarazuka Revue,theater_fandoms
1185,シャングリラ・水之城 | Shangri-la - Palace of Water - Takarazuka Revue,theater_fandoms
1186,Shaperaverse - Paul Shapera (Plays),theater_fandoms
1187,She Kills Monsters - Nguyen,theater_fandoms
1188,She Loves Me - Bock/Harnick/Masteroff,theater_fandoms
1189,She Stoops to Conquer - Goldsmith,theater_fandoms
1190,Sherlock Holmes: A Drama in Four Acts - Conan Doyle & Gillette,theater_fandoms
1191,The Shoemaker's Holiday - Dekker,theater_fandoms
1192,A Shoggoth on the Roof - He Who (for legal reasons) Must Not Be Named,theater_fandoms
1193,Show Boat - Kern/Hammerstein II/Ferber,theater_fandoms
1194,幕後傳奇－苦魯人生 - 刺點創作工坊 | The Show Must Go On - Punctum Drama,theater_fandoms
1195,Shrek The Musical - Tesori/Lindsay-Abaire,theater_fandoms
1196,Shucked - Clark & McAnally/Horn,theater_fandoms
1197,Shy Boy | Cameron Series - Siren's Son ASMR,theater_fandoms
1198,Side Show - Krieger/Russell,theater_fandoms
1199,The Sign in Sidney Brustein's Window - Hansberry,theater_fandoms
1200,Silver Rose Chronicle (Play),theater_fandoms
1201,Simon Boccanegra - Verdi/Piave,theater_fandoms
1202,Sir Thomas More - Munday & Chettle & Various,theater_fandoms
1203,Sive - Keane,theater_fandoms
1204,Six - Marlow/Moss,theater_fandoms
1205,Slavs!: Thinking About the Longstanding Problems of Virtue and Happiness - Kushner,theater_fandoms
1206,Sleep No More - Punchdrunk,theater_fandoms
1207,Спящая красавица - Чайковский | The Sleeping Beauty - Tchaikovsky,theater_fandoms
1208,Sleepy Hollow - Francoeur/Morris,theater_fandoms
1209,南墙计划 - 孙中泽&方一枝/孙浩程 | Smash the Wall - Sūn Zhōngzé & Fāng Yīzhī/Sūn Hàochéng,theater_fandoms
1210,Снегурочка - Римский-Корсаков | The Snow Maiden - Rimsky-Korsakov,theater_fandoms
1211,Die Society: Occult ASMR Series - Jimち ASMR | JimChi ASMR,theater_fandoms
1212,Soho Cinders - Stiles/Drew/Drew & Davis,theater_fandoms
1213,The Solve It Squad - Tin Can Brothers,theater_fandoms
1214,Some Like it Hot - Shaiman/Wittman & Shaiman/López & Ruffin,theater_fandoms
1215,Something Rotten! - Kirkpatrick/Kirkpatrick/O'Farrell,theater_fandoms
1216,The Somewhat True Tale of Robin Hood - Dobson,theater_fandoms
1217,광염소나타 - 다미로/정민아 | Sonata of a Flame - Damiro/Jeong Mina,theater_fandoms
1218,王家に捧ぐ歌 | A Song for Kingdoms - Takarazuka Revue,theater_fandoms
1219,Songs for a New World - Brown,theater_fandoms
1220,Songs of Aalveir Series - GrowlingWhispers,theater_fandoms
1221,La sonnambula - Bellini/Romani,theater_fandoms
1222,The Sorcerer - Sullivan/Gilbert,theater_fandoms
1223,The Sound of Music - Rodgers/Hammerstein/Lindsay & Crouse,theater_fandoms
1224,The Source - Ayreon,theater_fandoms
1225,The Space Pirate Saga - Good Boy Audios,theater_fandoms
1226,Spacebar: A Broadway Play by Kyle Sugarman - Mitnick,theater_fandoms
1227,The Spanish Tragedy - Kyd,theater_fandoms
1228,Sparks Nevada Marshal on Mars,theater_fandoms
1229,The Sparrow - Chris Mathews & Jake Minto,theater_fandoms
1230,Spejbl a Hurvínek | Spejbl and Hurvinek - Skupa & Kirschner & Klásek,theater_fandoms
1231,Spēlēju dancoju | I Played I Danced - Kalniņš,theater_fandoms
1232,Spider-Man: Turn off the Dark - Bono & The Edge/Tamor & Berger & Aguirre-Sacasa,theater_fandoms
1233,Spider's Web - Christie,theater_fandoms
1234,Spies Are Forever - Talkfine/Tin Can Brothers,theater_fandoms
1235,Spitfire - Bourne,theater_fandoms
1236,The Spitfire Grill - Valcq/Alley/Valcq & Alley,theater_fandoms
1237,The SpongeBob Musical - Various/Anthony & Coulton/Jarrow,theater_fandoms
1238,Sprawa Dantona | The Danton Case - Przybyszewska,theater_fandoms
1239,Spring Awakening - Reiss,theater_fandoms
1240,Spring Awakening - Sheik/Sater,theater_fandoms
1241,The Spy Who Loved You - MythosVA,theater_fandoms
1242,舞台 刀剣乱舞 - 末満 | Stage Play Touken Ranbu - Suemitsu,theater_fandoms
1243,Standing at the Sky's Edge - Hawley/Bush,theater_fandoms
1244,Звезда и смерть Хоакина Мурьеты - Рыбников/Грушко | The Star and..Joaquin Murieta - Rybnikov/Grushko,theater_fandoms
1245,Starlight Express - Phillips/Stilgoe/Webber,theater_fandoms
1246,Starline Series - Gav VA,theater_fandoms
1247,Starmania - Berger/Plamondon,theater_fandoms
1248,Starmites - Keating/Ross,theater_fandoms
1249,Starry - Dahan & D'Angelo,theater_fandoms
1250,Starship - Team StarKid,theater_fandoms
1251,State of Arkansas v. Scout Cumberland - Arkansas Mock Trial Foundation,theater_fandoms
1252,State of Minnesota v. Cameron Skeeter-Farris - Minnesota State Bar Association,theater_fandoms
1253,State of Missouri v. Wynne D. Byrd - Bar Association of Metropolitan Saint Louis,theater_fandoms
1254,Steam - Circus Juventas,theater_fandoms
1255,Stiffelio - Verdi/Piave,theater_fandoms
1256,Гроза - Островский | The Storm - Ostrovsky,theater_fandoms
1257,玉堂春 | The Story of Su San (Opera),theater_fandoms
1258,A Strange Loop - Jackson,theater_fandoms
1259,Stratum - Manion,theater_fandoms
1260,Street Scene - Weill/Hughes/Rice,theater_fandoms
1261,A Streetcar Named Desire - Previn/Littell,theater_fandoms
1262,A Streetcar Named Desire - Tennessee Williams,theater_fandoms
1263,Strict Elf Series - Hollow_ VA,theater_fandoms
1264,Strict Professor Series - ZSakuVA,theater_fandoms
1265,Stupid Fucking Bird - Posner,theater_fandoms
1266,Suite Surrender - McKeever,theater_fandoms
1267,Summer 1976 - Auburn,theater_fandoms
1268,Summer and Smoke - Williams,theater_fandoms
1269,Sunday in the Park with George - Sondheim/Lapine,theater_fandoms
1270,Sundown: Whispers of Ragnarok - Sassafrass,theater_fandoms
1271,Sunset Boulevard - Black/Hampton/Lloyd Webber,theater_fandoms
1272,Ἱκέτιδες - Αἰσχύλος | The Suppliants - Aeschylus,theater_fandoms
1273,Sure Thing - Ives,theater_fandoms
1274,Лебединое озеро - Чайковский | Swan Lake - Tchaikovsky,theater_fandoms
1275,Swan Lake (Bourne),theater_fandoms
1276,Swan Lake & Related Fandoms,theater_fandoms
1277,Sweeney Todd - Sondheim/Wheeler,theater_fandoms
1278,Sweet Charity - Coleman/Fields/Simon,theater_fandoms
1279,Swept Away - The Avett Brothers/Logan,theater_fandoms
1280,La Sylphide,theater_fandoms
1281,Szentivánéji álom | A Midsummer Night's Dream - Szakcsi/Müller,theater_fandoms
1282,Taboo - Various/Boy George/Davies Markham & Busch,theater_fandoms
1283,太陽2068 - 前川知大 & 蜷川幸雄 | Taiyou 2068 - Maekawa Tomohiro & Ninagawa Yukio,theater_fandoms
1284,TAKARAZUKA舞夢 | Takarazuka's Dancing Dreams - Takarazuka Revue,theater_fandoms
1285,Про Федота-стрельца удалого молодца - Филатов | The Tale of Fedot the Strelets - Filatov,theater_fandoms
1286,龍の宮物語 | The Tale of Tatsu-no-miya - Takarazuka Revue,theater_fandoms
1287,Talking Heads - Bennett,theater_fandoms
1288,Taming of the Shrew - Shakespeare,theater_fandoms
1289,Тампль - Бочарова и Воробьёва и Каковиди | Tampl - Bocharova & Vorobyova & Kakovydi,theater_fandoms
1290,Tannhäuser - Wagner,theater_fandoms
1291,Tanz der Vampire | Dance of the Vampires - Steinman/Kunze,theater_fandoms
1292,Tarrytown - Wachter,theater_fandoms
1293,Teaching a Robot to Love - The Doubleclicks,theater_fandoms
1294,茶馆 - 老舍 | Teahouse - Lǎo Shě,theater_fandoms
1295,Teenage Mutant Ninja Turtles: Coming Out of Their Shells - Bejan & Nelson,theater_fandoms
1296,The Tempest - Shakespeare,theater_fandoms
1297,Tender Green - Takarazuka Revue,theater_fandoms
1298,掌 シリーズ | Tenohira Series - Maiden Berry ASMR,theater_fandoms
1299,Terra baixa | Martha of the Lowlands - Guimerà,theater_fandoms
1300,Testing Testing - Haehnel,theater_fandoms
1301,The Thanksgiving Play - Fasthorse,theater_fandoms
1302,Theory of Relativity - Bartram/Hill,theater_fandoms
1303,Thermidor - Przybyszewska,theater_fandoms
1304,This House - Graham,theater_fandoms
1305,This Is A Test - Gregg,theater_fandoms
1306,This is Our Youth - Lonergan,theater_fandoms
1307,Thomas of Woodstock (Play),theater_fandoms
1308,Thoroughly Modern Millie - Tesori/Scanlan/Morris,theater_fandoms
1309,Thorpe Park Fright Nights,theater_fandoms
1310,Три маски короля - Михаил Крылов | Three Masks of the King - Mikhail Krylov,theater_fandoms
1311,The Three Musketeers - Ludwig,theater_fandoms
1312,Три сeстры - Чехов | Three Sisters - Chekhov,theater_fandoms
1313,Thrill Me: The Leopold & Loeb Story - Dolginoff,theater_fandoms
1314,The Thrilling Adventure Hour,theater_fandoms
1315,南唐后主 - 张博/张吟昕&孙浩程&付哲 | The Throne and The Poetry - Zhāng Bó/Zhāng Yínxīn & Sūn Hàochéng & Fù Zhé,theater_fandoms
1316,天纵庸才 - 王麒崴/陈星池/林溪儿 | Tiān Zòng Yōng Cái - Chén Xīngchí/Wáng Qíwēi/Lín Xī'ér,theater_fandoms
1317,Tick Tick... BOOM! - Larson,theater_fandoms
1318,The Time of Your Life - Saroyan,theater_fandoms
1319,Timéo - Vallespi/Thibaud,theater_fandoms
1320,Timon of Athens - Shakespeare,theater_fandoms
1321,Tinkers Toy Factory - Kings Dominion,theater_fandoms
1322,'Tis Pity She's a Whore - Ford,theater_fandoms
1323,Titanic - Stone,theater_fandoms
1324,Titus Andronicus - Shakespeare,theater_fandoms
1325,トムとジェリー 夢よもう一度 | Tom and Jerry: Purr-Chance to Dream - Matsutouya/Motoiki,theater_fandoms
1326,Tomia etsimässä | Finding Tom - Mutik & von Nissinen,theater_fandoms
1327,Tootsie - Horn/Yazbek,theater_fandoms
1328,遠ざかるネバーランド - ほさかよう | Toozakaru Neverland - Hosaka You,theater_fandoms
1329,Toruk the First Flight - Cirque du Soleil,theater_fandoms
1330,Tosca - Puccini/Illica/Giacosa,theater_fandoms
1331,Totem - Cirque Du Soleil,theater_fandoms
1332,Tournament of Kings - Excalibur Hotel & Casino,theater_fandoms
1333,The Trail to Oregon! - Team Starkid,theater_fandoms
1334,Trails - Thomson/Mann/Hall,theater_fandoms
1335,Trapped Crush Series - ZSakuVA,theater_fandoms
1336,La Traviata - Verdi/Piave,theater_fandoms
1337,Treasure Island - Lavery,theater_fandoms
1338,The Trials - King,theater_fandoms
1339,TRIANGLE - Ichikawa/Shioda,theater_fandoms
1340,Trifles - Glaspell,theater_fandoms
1341,Tristan und Isolde | Tristan and Isolde - Wagner,theater_fandoms
1342,La Triviata (Discworld Opera),theater_fandoms
1343,Troades | The Trojan Women - Euripides,theater_fandoms
1344,Troilus and Cressida - Shakespeare,theater_fandoms
1345,Tropicana the Musical - Wong/Tan/Sharma,theater_fandoms
1346,Il trovatore - Verdi/Cammarano,theater_fandoms
1347,Les Troyens - Berlioz,theater_fandoms
1348,TRUMP Series - Suemitsu (Plays),theater_fandoms
1349,Tuck Everlasting - Miller/Tysen/Shear & Federle,theater_fandoms
1350,Tuntematon sotilas - Smeds,theater_fandoms
1351,Turandot - Gozzi,theater_fandoms
1352,Turandot - Puccini,theater_fandoms
1353,The Turn of the Screw - Britten/Piper,theater_fandoms
1354,Twelfth Night - Shakespeare,theater_fandoms
1355,Twelfth Night - Taub/Taub & Kwei-Armah,theater_fandoms
1356,Двенадцать месяцев - Маршак | The Twelve Months - Marshak,theater_fandoms
1357,Twelve Ophelias - Svich,theater_fandoms
1358,Twisted - Circus Juventas,theater_fandoms
1359,Twisted: The Untold Story of a Royal Vizier - Team StarKid,theater_fandoms
1360,双轿接亲 | Two Bridal Sedan Chairs (Opera),theater_fandoms
1361,Two Gentlemen of Verona - Shakespeare,theater_fandoms
1362,Two Noble Kinsmen - Shakespeare,theater_fandoms
1363,Тёмный Ангел - Алимин и Полетаева/Волоцкая | Tyomniy Angel - Alimin & Poletaeva/Volotskaya,theater_fandoms
1364,Tyrants - Oyen/Monahan,theater_fandoms
1365,Ultraman Darkness Heels - 久保田唱 | Kubota Shou,theater_fandoms
1366,Дядя Ваня - Антон Павлович Чехов | Uncle Vanya - Anton Chekhov,theater_fandoms
1367,猎罪图鉴 - 陈祺丰/吕学平 | Under The Skin - Chén Qífēng/Lǚ Xuépíng,theater_fandoms
1368,The Unfortunates - Beavers/Monsef/Merrigan/Hurt,theater_fandoms
1369,四张机 - 朱虹璇 & 叶紫铃 | Universitas - Zhū Hóngxuán & Yè Zǐling,theater_fandoms
1370,夢現無双 | Unmatched in Dreams and Reality - Takarazuka Revue,theater_fandoms
1371,Unusual Acts of Devotion - McNally,theater_fandoms
1372,Urinetown: The Musical - Hollmann/Kotis,theater_fandoms
1373,噂の男 - 福島 | Uwasa no Otoko - Fukushima,theater_fandoms
1374,Vagina Monologues - Ensler,theater_fandoms
1375,Valahol Európában | Somewhere in Europe - Dés/Nemes/Böhm & Korcsmáros & Horváth,theater_fandoms
1376,Le Vampire - Dumas & Maquet,theater_fandoms
1377,Vampire Boyfriend Series - Masokitty ASMR,theater_fandoms
1378,Vampire Succession - Takarazuka Revue,theater_fandoms
1379,The Vampire's Waltz - Nomads Tales & Audios,theater_fandoms
1380,The Vampires Lab Rat - Jouska,theater_fandoms
1381,Van Aki Forrón Szereti (Színház),theater_fandoms
1382,배니싱 - 주미나/한재은 | Vanishing - Joo Mina/Han Jae Eun,theater_fandoms
1383,Varekai - Cirque Du Soleil,theater_fandoms
1384,Vastarien - Thomas Ligotti,theater_fandoms
1385,Věc Makropulos | The Makropulos Affair - Janáček,theater_fandoms
1386,Venice - Sax/Rosen,theater_fandoms
1387,Venus in Fur - Ives,theater_fandoms
1388,Les vêpres siciliennes | I vespri siciliani | The Sicilian Vespers - Verdi/Scribe/Duveyrier,theater_fandoms
1389,A Very Potter Musical Series - Team StarKid,theater_fandoms
1390,A VHS Christmas Carol - Team StarKid,theater_fandoms
1391,Il viaggio a Reims - Rossini/Balocchi,theater_fandoms
1392,La vie parisienne - Meilhac/Halévy/Offenbach,theater_fandoms
1393,A View from the Bridge - Miller,theater_fandoms
1394,The View UpStairs - Vernon,theater_fandoms
1395,寶島一村 - 賴聲川 & 王偉忠 | The Village - Stan Lai & Wang Wei-chung,theater_fandoms
1396,The Violet Hour - Greenberg,theater_fandoms
1397,The Violet Hour - Reynolds/Price,theater_fandoms
1398,VITORI - Cirque du Soleil,theater_fandoms
1399,Vivaldi: Die fünfte Jahreszeit - Kolonovits/Messner,theater_fandoms
1400,Вий - Байдо и Загот/Захарова/Петрановская | Viy - Baido & Zagot/Zakharova/Petranovskaya,theater_fandoms
1401,Volta - Cirque du Soleil,theater_fandoms
1402,Wait Wait Don't Kill Me - Schmuckler/Holstein,theater_fandoms
1403,Waiting for Lefty - Odets,theater_fandoms
1404,Waitress - Bareilles/Nelson,theater_fandoms
1405,Wakefield Mystery Plays - Anonymous,theater_fandoms
1406,La Wally - Catalani/Illica,theater_fandoms
1407,War Paint - Frankel/Korie/Wright,theater_fandoms
1408,Warren: The Gladiator from Steelgate | Tsundere Gladiator Series - Desmond ASMR,theater_fandoms
1409,The Warrior Virgin - Duder & Baynton,theater_fandoms
1410,Water For Elephants - PigPen Theatre Co./Elice,theater_fandoms
1411,The Way of the World - Congreve,theater_fandoms
1412,We Are The Tigers - Allen,theater_fandoms
1413,We Will Rock You - Elton/May/Taylor,theater_fandoms
1414,文昭关 | Wén Zhāo Guān (Opera),theater_fandoms
1415,The Werewolf Saga - Nomads Tales & Audios,theater_fandoms
1416,West Side Story - Bernstein/Sondheim/Laurents,theater_fandoms
1417,Where Words Once Were - Kruckemeyer,theater_fandoms
1418,Whisper House - Sheik/Jarrow & Sheik/Jarrow,theater_fandoms
1419,Whistle Down the Wind - Lloyd Webber/Steinman/Knop & Lloyd Webber & Edwards,theater_fandoms
1420,White Collar Prison: a Musical - Jenkins/Garguilo,theater_fandoms
1421,Who's Afraid of Virginia Woolf? - Albee,theater_fandoms
1422,The Who's Tommy - McAnuff/Townshend,theater_fandoms
1423,Wicked - All Media Types,theater_fandoms
1424,Wicked - Schwartz/Holzman,theater_fandoms
1425,Wild Party - LaChiusa/LaChiusa & Wolfe,theater_fandoms
1426,The Wild Party - Lippa,theater_fandoms
1427,Wild Things and Wisps - Owen,theater_fandoms
1428,Willow: A New Musical - Greenwood/Smith,theater_fandoms
1429,The Wind in the Willows - Stiles/Drewe/Grahame,theater_fandoms
1430,Winter's Tale - Shakespeare,theater_fandoms
1431,The Winterling - Butterworth,theater_fandoms
1432,Witch - Silverman,theater_fandoms
1433,Бесприданница - Островский | Without a Dowry - Ostrovsky,theater_fandoms
1434,The Wizard of Oz - Arlen/Harburg/Lloyd Webber/Sams,theater_fandoms
1435,Горе от ума - Грибоедов | Woe from Wit - Griboyedov,theater_fandoms
1436,The Woman in White - Webber/Zippel/Jones,theater_fandoms
1437,A Woman of No Importance - Wilde,theater_fandoms
1438,The Woman's Prize or The Tamer Tamed - Fletcher,theater_fandoms
1439,Women on the Verge of a Nervous Breakdown - Yazbek/Lane,theater_fandoms
1440,Wonderful Town - Bernstein/Comden/Green/Fields/Chodorov,theater_fandoms
1441,Wonderland: A New Alice - Murphy/Boyd/Wildhorn,theater_fandoms
1442,The Worst Witch - Reeves,theater_fandoms
1443,Woyzeck - Büchner,theater_fandoms
1444,乌龙山伯爵 - 闫飞 | Wū Lóng Shān Bó Jué - Yán Fēi,theater_fandoms
1445,Xanadu - Lynne & Farrar/Beane,theater_fandoms
1446,戏台三部曲 - 毓钺 | Xì Tái Trilogy - Yù Yùe,theater_fandoms
1447,Yandere Kitsune Series - Dangerous ASMR,theater_fandoms
1448,YANK! - Zellnik/Zellnik,theater_fandoms
1449,夜行者 - 唐夏娃 | Yè Xíng Zhě - Táng Xiàwá,theater_fandoms
1450,巡礼の年〜リスト・フェレンツ魂の彷徨〜 | Years of Pilgrimage: The Wandering Soul of Franz Liszt - Takarazuka Revue,theater_fandoms
1451,The Yeomen of the Guard - Sullivan/Gilbert,theater_fandoms
1452,一爱千年 - 李小兵/陈小奇 | Yī Ài Qiān Nián - Lǐ Xiǎobīng /Chén Xiǎoqí,theater_fandoms
1453,You Can't Take It With You - All Media Types,theater_fandoms
1454,You Can't Take It With You - Kaufman & Hart,theater_fandoms
1455,You save a scared dragon series - Proxy Audios,theater_fandoms
1456,Young Marx - Coleman & Bean,theater_fandoms
1457,Your Boss [Isaac] Series - ZSakuVA,theater_fandoms
1458,Your college dorm mate is a cat-boy?? Series - Liu's Audio,theater_fandoms
1459,Your Servant Mephistopheles - McComb & Buckley,theater_fandoms
1460,Zaïre | The Tragedy of Zara - Voltaire,theater_fandoms
1461,Zanna Don't! - Acito/Dinelaris,theater_fandoms
1462,Die Zauberflöte | The Magic Flute - Mozart/Schikaneder,theater_fandoms
1463,Zemsta - Fredro,theater_fandoms
1464,Zombie Prom - Rowe/Dempsey,theater_fandoms
1465,Zoot Suit - Valdez,theater_fandoms
1466,Zumanity - Cirque du Soleil,theater_fandoms
